scenario,t,v1,v2,h1,h2,h3,h4
1,0.0,2.4283016081668647,1.2517501415905083,2.719265756419591,9.73085921176949,7.66868369316839,13.456840575215804
1,1.1111111111111112,2.4283016081668647,1.2517501415905083,3.0110810416960136,9.849861901812142,7.409243487173377,13.276717753887354
1,2.2222222222222223,2.4283016081668647,1.2517501415905083,3.2868125735715856,9.96507718047533,7.155680210281876,13.098747719061773
1,3.3333333333333335,2.4283016081668647,1.2517501415905083,3.5474437444426083,10.076575092568493,6.90796365185978,12.922920238180023
1,4.444444444444445,2.4283016081668647,1.2517501415905083,3.7938535497207084,10.184427514204243,6.666058940330095,12.74922365852481
1,5.555555555555555,2.4283016081668647,1.2517501415905083,4.026807864338258,10.288703926464759,6.429930534653984,12.577646342354178
1,6.666666666666667,2.4283016081668647,1.2517501415905083,4.246977987927868,10.389471837580471,6.199541877203975,12.40817658276813
1,7.777777777777779,2.4283016081668647,1.2517501415905083,4.454962758806484,10.486797071551916,5.974855256244907,12.240802572889075
1,8.88888888888889,2.4283016081668647,1.2517501415905083,4.6513079547402825,10.580744000541099,5.7558318588123285,12.075512413354573
1,10.0,0.5518798733985038,0.7849609046588744,4.836510268596959,10.671375472500781,5.542431640848768,11.91229410685138
1,11.11111111111111,0.5518798733985038,0.7849609046588744,4.888365542269021,10.731093771050292,5.304008473276653,11.64334998323723
1,12.222222222222221,0.5518798733985038,0.7849609046588744,4.932513074156942,10.786616647512375,5.071948346307839,11.377833473669147
1,13.333333333333334,0.5518798733985038,0.7849609046588744,4.969184860665003,10.837998410812553,4.846229462169573,11.115744932659537
1,14.444444444444445,0.5518798733985038,0.7849609046588744,4.998614897726283,10.885297921136523,4.626819923953491,10.857079746953058
1,15.555555555555555,0.5518798733985038,0.7849609046588744,5.021041824436483,10.92857597922138,4.413684791812595,10.601832913432187
1,16.666666666666668,0.5518798733985038,0.7849609046588744,5.036698684044581,10.967892734697202,4.2067871136348645,10.349999248719925
1,17.77777777777778,0.5518798733985038,0.7849609046588744,5.045811306351629,11.003306934074885,4.006089002029115,10.101573522678645
1,18.88888888888889,0.5518798733985038,0.7849609046588744,5.048598867017452,11.0348760342803,3.8115512249251324,9.856550423164807
1,20.0,2.0841205873156885,2.5717033157691915,5.0452753035389915,11.062656498069838,3.623132932514405,9.61492452698882
1,21.11111111111111,2.0841205873156885,2.5717033157691915,5.137822115243747,11.190557160003522,3.557610210163311,9.464650571450617
1,22.22222222222222,2.0841205873156885,2.5717033157691915,5.225768453270934,11.314691633621273,3.49421327118966,9.316497027268442
1,23.333333333333332,2.0841205873156885,2.5717033157691915,5.309299633573952,11.43512274434389,3.4328957957916857,9.17045531959786
1,24.444444444444443,2.0841205873156885,2.5717033157691915,5.388587175023948,11.551914632359871,3.373611073803167,9.0265128389613
1,25.555555555555557,2.0841205873156885,2.5717033157691915,5.463812496977608,11.665136480548814,3.316307986401519,8.884655556255476
1,26.666666666666668,2.0841205873156885,2.5717033157691915,5.535150215772114,11.774856430969267,3.2609354102662804,8.744869178923848
1,27.77777777777778,2.0841205873156885,2.5717033157691915,5.602764591895362,11.881140035909542,3.207443489327752,8.607139504212618
1,28.88888888888889,2.0841205873156885,2.5717033157691915,5.666811919786499,11.984051020471613,3.1557831586255887,8.47145229324061
1,30.0,2.3720097063465295,0.6172407984731244,5.727443016309755,12.083651960476107,3.105905806535216,8.337793203875263
1,31.11111111111111,2.3720097063465295,0.6172407984731244,5.801293029703893,12.067170539526181,2.9301610366204964,8.222666882341924
1,32.22222222222222,2.3720097063465295,0.6172407984731244,5.867062381398071,12.049163360196497,2.7606985527832175,8.109284385323688
1,33.333333333333336,2.3720097063465295,0.6172407984731244,5.924990606595178,12.029660995602953,2.5974824755884893,7.997633811238598
1,34.44444444444444,2.3720097063465295,0.6172407984731244,5.97532373673984,12.008696019821612,2.440466593983011,7.887700926325853
1,35.55555555555556,2.3720097063465295,0.6172407984731244,6.018313574287835,11.986302337506569,2.28959968534991,7.7794706937731855
1,36.666666666666664,2.3720097063465295,0.6172407984731244,6.054203765006049,11.962513297267112,2.144827676571743,7.672928087433115
1,37.77777777777778,2.3720097063465295,0.6172407984731244,6.083231789292301,11.937361725253053,2.006094159784755,7.5680581330160805
1,38.888888888888886,2.3720097063465295,0.6172407984731244,6.105630743777225,11.910880093821318,1.8733398416415803,7.464845830589126
1,40.0,1.7462675307564761,2.0657178707784816,6.1216301154051775,11.883100563383481,1.746502714749514,7.363276155448893
1,41.111111111111114,1.7462675307564761,2.0657178707784816,6.092879011167602,11.937465119042908,1.7195272260510674,7.227457604344346
1,42.22222222222222,1.7462675307564761,2.0657178707784816,6.063611891262529,11.988973198294167,1.693799306306494,7.093827676781297
1,43.333333333333336,1.7462675307564761,2.0657178707784816,6.033890055411022,12.037667924760298,1.6692739960725,6.962378238366651
1,44.44444444444444,1.7462675307564761,2.0657178707784816,6.0037702427283195,12.083597883115166,1.6459063736113169,6.833094793786869
1,45.55555555555556,1.7462675307564761,2.0657178707784816,5.9733099429447165,12.126813806924327,1.6236501173574194,6.705961787364284
1,46.666666666666664,1.7462675307564761,2.0657178707784816,5.942565949786712,12.167367532423441,1.6024586046946085,6.580962933271638
1,47.77777777777778,1.7462675307564761,2.0657178707784816,5.911591812455699,12.205309942460833,1.5822869095452026,6.458081815622639
1,48.888888888888886,1.7462675307564761,2.0657178707784816,5.880438306921696,12.24069095405564,1.5630916771107661,6.337301992989336
1,50.0,1.0619916138271193,1.868965389798109,5.849155123154869,12.273560159593144,1.5448301480383937,6.218606986795559
1,51.111111111111114,1.0619916138271193,1.868965389798109,5.772836210993143,12.29224021296814,1.5147120139356256,6.062775501805444
1,52.22222222222222,1.0619916138271193,1.868965389798109,5.69700433102133,12.307964515580371,1.4860775685753336,5.909686196342057
1,53.333333333333336,1.0619916138271193,1.868965389798109,5.621720793872389,12.320776664283557,1.4588700200677125,5.759331969131013
1,54.44444444444444,1.0619916138271193,1.868965389798109,5.5470383501189,12.330723342312972,1.4330348135568565,5.611699586716528
1,55.55555555555556,1.0619916138271193,1.868965389798109,5.473012310007473,12.337855518079639,1.4085132725704315,5.466774187188118
1,56.666666666666664,1.0619916138271193,1.868965389798109,5.399695117129305,12.34222406616509,1.385247975148053,5.324540499350508
1,57.77777777777778,1.0619916138271193,1.868965389798109,5.327135250694168,12.34387873575564,1.3631839918216653,5.184983153236949
1,58.888888888888886,1.0619916138271193,1.868965389798109,5.255378028859342,12.342868684581164,1.3422682128353276,5.048086556317289
1,60.0,0.99515716189906,2.5482174891751717,5.184465952108793,12.339242775588946,1.3224490495317072,4.9138348100602425
1,61.111111111111114,0.99515716189906,2.5482174891751717,5.111278483924597,12.372265913794179,1.3476215939637974,4.778391388112239
1,62.22222222222222,0.99515716189906,2.5482174891751717,5.041373217034683,12.4022151081743,1.3714806951297107,4.645631107561856
1,63.333333333333336,0.99515716189906,2.5482174891751717,4.974607902845644,12.42913675348219,1.3941000087251296,4.515543722609013
1,64.44444444444444,0.99515716189906,2.5482174891751717,4.910835335558741,12.453085387559954,1.4155534649586354,4.3881124961772
1,65.55555555555556,0.99515716189906,2.5482174891751717,4.849915238395599,12.474115759827178,1.435910008669703,4.263320057195454
1,66.66666666666667,0.99515716189906,2.5482174891751717,4.791715351829799,12.492281722772683,1.4552335209245417,4.141148867694364
1,67.77777777777777,0.99515716189906,2.5482174891751717,4.736111027662957,12.507636546716856,1.4735830151513623,4.021581059548436
1,68.88888888888889,0.99515716189906,2.5482174891751717,4.682984367647304,12.520233121047891,1.4910132088099437,3.9045983618568743
1,70.0,2.4013267804973966,0.9973688491970307,4.632222975145897,12.530124072344499,1.507575374166074,3.7901821141682963
1,71.11111111111111,2.4013267804973966,0.9973688491970307,4.672724233321869,12.4486324788187,1.42283224336009,3.7586936583288435
1,72.22222222222223,2.4013267804973966,0.9973688491970307,4.7078305359779336,12.367447622622214,1.3424001876490148,3.72790797147573
1,73.33333333333333,2.4013267804973966,0.9973688491970307,4.737780969915221,12.28658147149991,1.266186349046074,3.6978134888512444
1,74.44444444444444,2.4013267804973966,0.9973688491970307,4.762821028671023,12.20604572831125,1.194088132688727,3.6683978079664508
1,75.55555555555556,2.4013267804973966,0.9973688491970307,4.783207491370549,12.125852562479713,1.125992099593997,3.639647824738853
1,76.66666666666667,2.4013267804973966,0.9973688491970307,4.799187233803147,12.046013605648087,1.0617841945068118,3.611550845894727
1,77.77777777777777,2.4013267804973966,0.9973688491970307,4.81100026736597,11.966540076608874,1.0013482995105898,3.5840944494528086
1,78.88888888888889,2.4013267804973966,0.9973688491970307,4.818881158953195,11.88744283143746,0.9445653878695065,3.5572664195466395
1,80.0,0.9227770914063387,2.642125756144333,4.8230608803142285,11.808732454771825,0.8913134734977999,3.531054669784477
1,81.11111111111111,0.9227770914063387,2.642125756144333,4.730953405446227,11.82447713128767,0.9472610247065839,3.4209657029687084
1,82.22222222222223,0.9227770914063387,2.642125756144333,4.644874821506889,11.837461990123419,0.9997331337368393,3.313453478328087
1,83.33333333333333,0.9227770914063387,2.642125756144333,4.564385536805835,11.84774038836285,1.049026928434218,3.2084993615492343
1,84.44444444444444,0.9227770914063387,2.642125756144333,4.489085385431649,11.855367687725774,1.0954055968493455,3.1060823809956415
1,85.55555555555556,0.9227770914063387,2.642125756144333,4.418615200557859,11.860398679873242,1.1390996413612415,3.0061812032650392
1,86.66666666666667,0.9227770914063387,2.642125756144333,4.352649432931714,11.862887949512345,1.1803129893673505,2.908773980202607
1,87.77777777777777,0.9227770914063387,2.642125756144333,4.2908919591693895,11.86288989526289,1.2192268644399504,2.813838308541109
1,88.88888888888889,0.9227770914063387,2.642125756144333,4.233072331295948,11.860458758492776,1.2560029624615092,2.7213512400771713
1,90.0,0.7208495354350257,1.3791315985802197,4.178942283346702,11.855648645667213,1.2907864577502597,2.631289280959463
1,91.11111111111111,0.7208495354350257,1.3791315985802197,4.1128891565172205,11.775365487960292,1.2420302761334183,2.5321156982979005
1,92.22222222222223,0.7208495354350257,1.3791315985802197,4.04622793551175,11.693427332883834,1.1959226458369432,2.435632650878541
1,93.33333333333333,0.7208495354350257,1.3791315985802197,3.9790838118412384,11.609877185911454,1.1523731340253636,2.341821983487802
1,94.44444444444444,0.7208495354350257,1.3791315985802197,3.911583179965627,11.52476167750054,1.111285457551841,2.2506609140831326
1,95.55555555555556,0.7208495354350257,1.3791315985802197,3.8438536389793234,11.438129702966936,1.0725598298451982,2.162124951716617
1,96.66666666666667,0.7208495354350257,1.3791315985802197,3.7760172710009074,11.350029854219166,1.0360984130225646,2.076189220541749
1,97.77777777777777,0.7208495354350257,1.3791315985802197,3.7081907192489814,11.260510816148049,1.0018050027506613,1.9928281630992004
1,98.88888888888889,0.7208495354350257,1.3791315985802197,3.6404881567421703,11.169621548057291,0.9695839554013528,1.912015733038063
1,100.0,2.213399545919493,2.3866192288246433,3.573018545626453,11.07741150602402,0.9393410450904975,1.833724928953914
1,101.11111111111111,2.213399545919493,2.3866192288246433,3.6049708819672346,11.043525385244974,0.9758423412285415,1.8428257704742967
1,102.22222222222223,2.213399545919493,2.3866192288246433,3.6380863398781993,11.010369645812618,1.010111868482283,1.8516378102347926
1,103.33333333333333,2.213399545919493,2.3866192288246433,3.6721703480061105,10.977926896499307,1.0423139896736235,1.860170300545109
1,104.44444444444444,2.213399545919493,2.3866192288246433,3.7070419184531773,10.946178651936124,1.0726056827469028,1.8684328939655792
1,105.55555555555556,2.213399545919493,2.3866192288246433,3.7425440465545026,10.915107263235493,1.1011260516764925,1.8764347369830878
1,106.66666666666667,2.213399545919493,2.3866192288246433,3.778539159963671,10.88469570019045,1.1279999423051723,1.884184588188913
1,107.77777777777777,2.213399545919493,2.3866192288246433,3.814905996964641,10.854927457232028,1.1533403272805816,1.891690871684071
1,108.88888888888889,2.213399545919493,2.3866192288246433,3.851537742843267,10.82578654584975,1.1772496588204584,1.8989616839127144
1,110.0,2.8834833654873413,1.2399042671991967,3.8883375374575664,10.797257369794638,1.1998231146165812,1.906004874943187
1,111.11111111111111,2.8834833654873413,1.2399042671991967,3.9666868342681565,10.703680050519386,1.147067721419361,1.95096106314839
1,112.22222222222223,2.8834833654873413,1.2399042671991967,4.039690869449038,10.612723497219308,1.0972928660015293,1.9945307090960693
1,113.33333333333333,2.8834833654873413,1.2399042671991967,4.107624346279312,10.524306673604178,1.050397834881004,2.0367677373421373
1,114.44444444444444,2.8834833654873413,1.2399042671991967,4.170764511474086,10.438347277217515,1.0062747554491318,2.077725904031422
1,115.55555555555556,2.8834833654873413,1.2399042671991967,4.229382838426563,10.354765138566874,0.9648126411770802,2.1174569015930222
1,116.66666666666667,2.8834833654873413,1.2399042671991967,4.283735375559992,10.273484966372642,0.9259022035902287,2.1560087041543277
1,117.77777777777777,2.8834833654873413,1.2399042671991967,4.334067274445637,10.194434927357397,0.8894346546275214,2.1934265664721133
1,118.88888888888889,2.8834833654873413,1.2399042671991967,4.380613934441893,10.11754622549326,0.8553015705185975,2.2297533370537637
1,120.0,0.5098706658197861,2.7098411989029656,4.423600624866544,10.04275313288174,0.823395213012268,2.265029455014
1,121.11111111111111,0.5098706658197861,2.7098411989029656,4.31195324707289,10.052914030030985,0.8880521739962596,2.1640587963164113
1,122.22222222222223,0.5098706658197861,2.7098411989029656,4.20769284591373,10.059992772114548,0.9485633937259491,2.0660510551867692
1,123.33333333333333,0.5098706658197861,2.7098411989029656,4.110258340205818,10.064050755875755,1.005315271533351,1.970987057625257
1,124.44444444444444,0.5098706658197861,2.7098411989029656,4.019149067456238,10.06515093369869,1.058641672464643,1.878845322817975
1,125.55555555555556,0.5098706658197861,2.7098411989029656,3.93392155734019,10.063356013757355,1.1088290507892955,1.7896035572073934
1,126.66666666666667,0.5098706658197861,2.7098411989029656,3.854176279511924,10.058728782238527,1.156127899303985,1.7032385413280926
1,127.77777777777777,0.5098706658197861,2.7098411989029656,3.7795495770464114,10.051332147716504,1.200760027534292,1.6197261110355832
1,128.88888888888889,0.5098706658197861,2.7098411989029656,3.7097099877956174,10.04122920807967,1.242922088178228,1.5390410551586837
1,130.0,1.7804806584644415,1.313779094580622,3.6443544101037344,10.0284832981537,1.2827889867391291,1.4611570832465122
1,131.11111111111111,1.7804806584644415,1.313779094580622,3.663307369469696,9.933846837923857,1.2302400694911027,1.4581762164659093
1,132.22222222222223,1.7804806584644415,1.313779094580622,3.678833430428309,9.840410264268002,1.1805598059437072,1.4553013983488159
1,133.33333333333334,1.7804806584644415,1.313779094580622,3.6911324363405362,9.748168403550885,1.1336530590474354,1.4525292035002477
1,134.44444444444446,1.7804806584644415,1.313779094580622,3.7004060192226684,9.65711436332389,1.0894188550023953,1.4498561223560653
1,135.55555555555554,1.7804806584644415,1.313779094580622,3.706856999853359,9.567240773679588,1.0477518424630756,1.447278622591809
1,136.66666666666666,1.7804806584644415,1.313779094580622,3.71067754874605,9.478540235003155,1.0085487564591036,1.4447933539111069
1,137.77777777777777,1.7804806584644415,1.313779094580622,3.7120519755998025,9.391005219831165,0.9717071927786675,1.4423970983331924
1,138.88888888888889,1.7804806584644415,1.313779094580622,3.7111597138978496,9.304628087625327,0.9371252112631288,1.4400867175289014
1,140.0,2.531552404130284,0.9125397442978712,3.7081739013726973,9.21940105815629,0.9047015451662305,1.4378591757008619
1,141.11111111111111,2.531552404130284,0.9125397442978712,3.751231310795696,9.112925082288212,0.8485363582739348,1.4783528062913518
1,142.22222222222223,2.531552404130284,0.9125397442978712,3.7893126863936812,9.009403690137225,0.7960445219955632,1.5174146112421973
1,143.33333333333334,2.531552404130284,0.9125397442978712,3.822695636300864,8.908741613405207,0.7471015465312475,1.555108775314753
1,144.44444444444446,2.531552404130284,0.9125397442978712,3.8516706300599313,8.810841336492487,0.701568915787798,1.5914995865375727
1,145.55555555555554,2.531552404130284,0.9125397442978712,3.8765215401746103,8.71561010812597,0.6593044512898872,1.6266472566374348
1,146.66666666666666,2.531552404130284,0.9125397442978712,3.8975217269499742,8.622960673420907,0.6201653261259427,1.6606076420979703
1,147.77777777777777,2.531552404130284,0.9125397442978712,3.9149349355211913,8.532810995532426,0.5840071499245074,1.6934323913820426
1,148.88888888888889,2.531552404130284,0.9125397442978712,3.9290177033792073,8.445082970506574,0.5506836219424255,1.7251699203170388
1,150.0,2.0313151670734704,1.481323109866468,3.9400193257539575,8.35970203141479,0.5200471648247491,1.7558657626452234
1,151.11111111111111,2.0313151670734704,1.481323109866468,3.917228548343641,8.3089587262937,0.5281561513923447,1.757114755218343
1,152.22222222222223,2.0313151670734704,1.481323109866468,3.8957957998837043,8.259019573659764,0.5356011491558117,1.7583232474108066
1,153.33333333333334,2.0313151670734704,1.481323109866468,3.8756317148741437,8.20987558953703,0.5424358789741296,1.759492409250712
1,154.44444444444446,2.0313151670734704,1.481323109866468,3.8566462322515442,8.16151573968275,0.548713485630719,1.7606235257306313
1,155.55555555555554,2.0313151670734704,1.481323109866468,3.8387547925304695,8.113928768833723,0.5544831413955672,1.76171787491029
1,156.66666666666666,2.0313151670734704,1.481323109866468,3.8218805869574504,8.067103726190046,0.5597889640053444,1.7627766748674016
1,157.77777777777777,2.0313151670734704,1.481323109866468,3.8059539307738084,8.021029867815397,0.5646704063711381,1.7638010927285837
1,158.88888888888889,2.0313151670734704,1.481323109866468,3.7909111324055305,7.975696591974637,0.5691630118871859,1.7647922533347797
1,160.0,2.304388293579499,0.7336509363966257,3.7766931844096963,7.931093403497583,0.5732992995834573,1.765751247137539
1,161.11111111111111,2.304388293579499,0.7336509363966257,3.779009850540348,7.844319083468283,0.5294274293179296,1.7822091277616026
1,162.22222222222223,2.304388293579499,0.7336509363966257,3.7777060420041964,7.7594190298496395,0.48915974206771934,1.798135521057841
1,163.33333333333334,2.304388293579499,0.7336509363966257,3.773059296379998,7.676353064447757,0.452330006298273,1.8135495055665427
1,164.44444444444446,2.304388293579499,0.7336509363966257,3.765347901391456,7.595080864640178,0.41876297634488224,1.828469706800436
1,165.55555555555554,2.304388293579499,0.7336509363966257,3.7548449334374054,7.515563251809521,0.38828046807638517,1.8429139433760158
1,166.66666666666666,2.304388293579499,0.7336509363966257,3.7418177720495405,7.437762159411746,0.3607017516069734,1.8568992468188719
1,167.77777777777777,2.304388293579499,0.7336509363966257,3.726527316854942,7.361640624631085,0.3358439020127302,1.8704418562016305
1,168.88888888888889,2.304388293579499,0.7336509363966257,3.7092273946300747,7.287162660966596,0.3135229947659244,1.8835573055010193
1,170.0,1.2296901704265828,2.552764144592321,3.6901642100138563,7.214293146104831,0.29355543972946135,1.8962605100956862
1,171.11111111111111,1.2296901704265828,2.552764144592321,3.606085336432238,7.246961100186606,0.3902315322409417,1.8474165436251744
1,172.22222222222223,1.2296901704265828,2.552764144592321,3.5338085291797476,7.277564115489542,0.47766701909432857,1.8001224912676888
1,173.33333333333334,1.2296901704265828,2.552764144592321,3.4713317358807654,7.306166119574971,0.5575334612487286,1.7543485316626466
1,174.44444444444446,1.2296901704265828,2.552764144592321,3.4172199326662778,7.332830091756729,0.6309832559941994,1.710064562272677
1,175.55555555555554,1.2296901704265828,2.552764144592321,3.370366917209987,7.35761798356302,0.6988751543692867,1.6672403169731878
1,176.66666666666666,1.2296901704265828,2.552764144592321,3.3298831393282944,7.380590729813704,0.7618793871042112,1.6258453883026576
1,177.77777777777777,1.2296901704265828,2.552764144592321,3.2950351600398364,7.40180826198535,0.820533585152134,1.5858492486824174
1,178.88888888888889,1.2296901704265828,2.552764144592321,3.265205561604199,7.421329518981739,0.8752793478513246,1.5472212729693122
1,180.0,2.7944353062823586,0.8778800491064096,3.2398617117899575,7.4392124565373905,0.9264904532395076,1.5099307646298707
1,181.11111111111111,2.7944353062823586,0.8778800491064096,3.3166630926148457,7.360465346136514,0.8666992751538952,1.5628178315248205
1,182.22222222222223,2.7944353062823586,0.8778800491064096,3.3870764964459736,7.284784156020228,0.81077955230167,1.6138848174248168
1,183.33333333333334,2.7944353062823586,0.8778800491064096,3.4514516166591216,7.212043836657481,0.7586068107283296,1.6632170796683934
1,184.44444444444446,2.7944353062823586,0.8778800491064096,3.510149332258777,7.142118074154996,0.7100418733724326,1.710899378098992
1,185.55555555555554,2.7944353062823586,0.8778800491064096,3.563516162807419,7.07488828112084,0.6649425567097336,1.7570102181827072
1,186.66666666666666,2.7944353062823586,0.8778800491064096,3.6118807561178055,7.010244800978659,0.6231648998509085,1.8016211060298197
1,187.77777777777777,2.7944353062823586,0.8778800491064096,3.6555605435568412,6.948084058889038,0.5845619673233097,1.8447986784292247
1,188.88888888888889,2.7944353062823586,0.8778800491064096,3.6948616265360945,6.88830845749254,0.5489838767473261,1.8866048248096905
1,190.0,2.2864394584942263,1.460286121730499,3.730080798399761,6.830825016059623,0.5162788691101688,1.9270978197370487
1,191.11111111111111,2.2864394584942263,1.460286121730499,3.7301044560339403,6.808681606572684,0.5233596612146276,1.9374203347101162
1,192.22222222222223,2.2864394584942263,1.460286121730499,3.7306995228726874,6.787222141690351,0.5298582510516565,1.9474239115334215
1,193.33333333333334,2.2864394584942263,1.460286121730499,3.731802760712502,6.766427940747113,0.5358215686904721,1.9571179009282988
1,194.44444444444446,2.2864394584942263,1.460286121730499,3.7333524275400363,6.746278357331385,0.5412960137233069,1.9665125371919054
1,195.55555555555554,2.2864394584942263,1.460286121730499,3.7352915636051165,6.726752800650699,0.5463247310145948,1.9756179747703186
1,196.66666666666666,2.2864394584942263,1.460286121730499,3.7375695523161303,6.7078316522106745,0.5509463750032444,1.984443845771798
1,197.77777777777777,2.2864394584942263,1.460286121730499,3.740141583944346,6.689496105091997,0.5551955240299709,1.9929993383106943
1,198.88888888888889,2.2864394584942263,1.460286121730499,3.742967757451683,6.671728020875393,0.5591033332801145,2.001293270955021
1,200.0,1.8563609200281532,2.860651780597003,3.746011813581539,6.654509783478482,0.5626984248202844,2.009334174495482
1,201.11111111111111,1.8563609200281532,2.860651780597003,3.724903900227701,6.718203158724754,0.6554215043046172,1.9926471919865258
1,202.22222222222223,1.8563609200281532,2.860651780597003,3.7112498209206373,6.780322733379832,0.741249993326806,1.976470335202923
1,203.33333333333334,1.8563609200281532,2.860651780597003,3.703941616733959,6.840912930372761,0.8210694194696779,1.9607900598722394
1,204.44444444444446,1.8563609200281532,2.860651780597003,3.7020941089290313,6.900016972157657,0.8955740192307099,1.9455930105034949
1,205.55555555555554,1.8563609200281532,2.860651780597003,3.704984725336203,6.957676695023186,0.9653216595919781,1.9308660952943975
1,206.66666666666666,1.8563609200281532,2.860651780597003,3.71200839458151,7.013932639803075,1.0307741191596387,1.9165964781331866
1,207.77777777777777,1.8563609200281532,2.860651780597003,3.7226496153651447,7.068824097976314,1.0923218368080014,1.902771579349568
1,208.88888888888889,1.8563609200281532,2.860651780597003,3.7364631192585933,7.122389153973773,1.150300757836573,1.8893790766384142
1,210.0,0.8554251190038173,2.9690636872546805,3.7530632926100984,7.174664721988801,1.205001242194155,1.876406904710862
1,211.11111111111111,0.8554251190038173,2.9690636872546805,3.707230223336291,7.2310209780005765,1.2636855040802653,1.80690104853769
1,212.22222222222223,0.8554251190038173,2.9690636872546805,3.6659732312728046,7.284256853004477,1.3192025039195567,1.7396232053093936
1,213.33333333333334,0.8554251190038173,2.9690636872546805,3.6289320363712463,7.334452892743173,1.3717800767314994,1.6745447504704651
1,214.44444444444446,0.8554251190038173,2.9690636872546805,3.59576928964893,7.381692978689007,1.4216283330353234,1.6116337251132848
1,215.55555555555554,0.8554251190038173,2.9690636872546805,3.5661797020640322,7.426059190942199,1.4689348092770533,1.5508577438505693
1,216.66666666666666,0.8554251190038173,2.9690636872546805,3.539886825958916,7.4676323886736915,1.5138669988353464,1.492183680676758
1,217.77777777777777,0.8554251190038173,2.9690636872546805,3.5166372095556797,7.506492525422667,1.5565768151517678,1.4355776428941807
1,218.88888888888889,0.8554251190038173,2.9690636872546805,3.4961974099721163,7.542718713251532,1.5972029427087326,1.3810049997783738
1,220.0,1.433351900128673,1.6407613677369601,3.4783520715153777,7.576389255661053,1.635872400241352,1.328430388948087
1,221.11111111111111,1.433351900128673,1.6407613677369601,3.498356167944999,7.531569746158199,1.5865353795302353,1.3105970821515138
1,222.22222222222223,1.433351900128673,1.6407613677369601,3.5153681326874704,7.486796331184078,1.539576948898802,1.2934320581996874
1,223.33333333333334,1.433351900128673,1.6407613677369601,3.5295562415854658,7.44209043772321,1.494922322456304,1.2769162234252942
1,224.44444444444446,1.433351900128673,1.6407613677369601,3.5410917292962534,7.397473297447246,1.4524911985409086,1.2610292416010416
1,225.55555555555554,1.433351900128673,1.6407613677369601,3.5501440669064546,7.352966023111593,1.4122013907525213,1.2457505624381686
1,226.66666666666666,1.433351900128673,1.6407613677369601,3.5568724182910407,7.308588532964532,1.3739728493121823,1.231060434178736
1,227.77777777777777,1.433351900128673,1.6407613677369601,3.561430941077357,7.264360159493785,1.337726352107066,1.216939457161179
1,228.88888888888889,1.433351900128673,1.6407613677369601,3.5639658736976427,7.220299293569483,1.3033840825015854,1.2033687924677048
1,230.0,2.1853340376658634,2.5653071096068496,3.5646276154976966,7.176424804451312,1.270867153708394,1.1903292401597851
1,231.11111111111111,2.1853340376658634,2.5653071096068496,3.61407289042528,7.186942124269806,1.2998823883640602,1.220416366414969
1,232.22222222222223,2.1853340376658634,2.5653071096068496,3.663440784445657,7.198447064286526,1.327356142304288,1.2493358086360868
1,233.33333333333334,2.1853340376658634,2.5653071096068496,3.712652350011761,7.210870628267625,1.3533788065623051,1.2771414838026467
1,234.44444444444446,2.1853340376658634,2.5653071096068496,3.7616341345093027,7.2241433221242,1.3780409919699947,1.303888435380164
1,235.55555555555554,2.1853340376658634,2.5653071096068496,3.810321483951413,7.238200491734789,1.4014263002556298,1.329627991582389
1,236.66666666666666,2.1853340376658634,2.5653071096068496,3.8586585022255564,7.252982683220027,1.4236109798473673,1.3544074906413195
1,237.77777777777777,2.1853340376658634,2.5653071096068496,3.9065968138913774,7.268434835118274,1.4446650967104775,1.3782709342251749
1,238.88888888888889,2.1853340376658634,2.5653071096068496,3.954093812744912,7.284505333608137,1.4646539296747492,1.401259725920867
1,240.0,1.6045829360574901,1.1284353355176484,4.001111934819983,7.301145669260723,1.4836385002176815,1.4234129428898226
1,241.11111111111111,1.6045829360574901,1.1284353355176484,4.007443688274385,7.234813133506872,1.408591570683857,1.4118012441822163
1,242.22222222222223,1.6045829360574901,1.1284353355176484,4.009808498389908,7.169135233345647,1.3373807568774472,1.4006092045495018
1,243.33333333333334,1.6045829360574901,1.1284353355176484,4.0084146364635815,7.104120016020684,1.269911774292797,1.3898243322125443
1,244.44444444444446,1.6045829360574901,1.1284353355176484,4.00347798080487,7.039774606543757,1.206080487243389,1.3794335618063114
1,245.55555555555554,1.6045829360574901,1.1284353355176484,3.9952205040133433,6.97610590534243,1.1457751435073094,1.3694235378629036
1,246.66666666666666,1.6045829360574901,1.1284353355176484,3.9838557455779164,6.913120173299156,1.0888841810948713,1.3597814859706525
1,247.77777777777777,1.6045829360574901,1.1284353355176484,3.9695906305412025,6.8508230523745555,1.0352950155064973,1.3504951167266224
1,248.88888888888889,1.6045829360574901,1.1284353355176484,3.9526276650035346,6.7892196431912275,0.98489314167961,1.3415524921647282
1,250.0,1.5850349833332342,1.9934291205772108,3.933165610686349,6.728314579821067,0.9375624313730705,1.332941969795139
1,251.11111111111111,1.5850349833332342,1.9934291205772108,3.911934485718577,6.717975347026266,0.948855570637438,1.3235439515530356
1,252.22222222222223,1.5850349833332342,1.9934291205772108,3.892045012724079,6.707462252870153,0.959451856193038,1.3144957361623517
1,253.33333333333334,1.5850349833332342,1.9934291205772108,3.873421917833061,6.696788480650168,0.9693922079171581,1.3057873610110293
1,254.44444444444446,1.5850349833332342,1.9934291205772108,3.8559824399352194,6.685968761433957,0.9787211828510208,1.2974069234190122
1,255.55555555555554,1.5850349833332342,1.9934291205772108,3.839651144955798,6.675016961151689,0.9874790531091218,1.2893430653251796
1,256.6666666666667,1.5850349833332342,1.9934291205772108,3.82435724777492,6.663946507113871,0.9957033122535297,1.2815846500595434
1,257.77777777777777,1.5850349833332342,1.9934291205772108,3.810034622589796,6.652770244616455,1.0034287865441307,1.2741209151940154
1,258.8888888888889,1.5850349833332342,1.9934291205772108,3.7966218369900337,6.641500436513816,1.0106876255195578,1.2669414599625217
1,260.0,2.044417446173293,2.7570794008290687,3.7840606049708514,6.630148944044815,1.0175101947495568,1.2600361312695918
1,261.1111111111111,2.044417446173293,2.7570794008290687,3.8036731141233826,6.66327281446364,1.0731599948261723,1.2794420093042895
1,262.22222222222223,2.044417446173293,2.7570794008290687,3.825868882993652,6.696570274541726,1.1255575337336592,1.2981107699001166
1,263.3333333333333,2.044417446173293,2.7570794008290687,3.8503182781119865,6.730007543949384,1.174957696331584,1.3160745082430296
1,264.44444444444446,2.044417446173293,2.7570794008290687,3.8767226597877134,6.7635523484722375,1.2215936166857033,1.3333647923377372
1,265.55555555555554,2.044417446173293,2.7570794008290687,3.9048232990591587,6.797175146211212,1.265669002078471,1.3500110085179513
1,266.6666666666667,2.044417446173293,2.7570794008290687,3.9343914891026017,6.830848511345292,1.307365799451811,1.3660409056574931
1,267.77777777777777,2.044417446173293,2.7570794008290687,3.9652233699343684,6.864546902199971,1.346848170552714,1.3814807764596495
1,268.8888888888889,2.044417446173293,2.7570794008290687,3.997137989844898,6.898246636253794,1.3842640208575763,1.3963554720462956
1,270.0,1.7828456063859772,1.8363948720045378,4.029973977102983,6.9319257238085505,1.4197474631708764,1.4106885271019054
1,271.1111111111111,1.7828456063859772,1.8363948720045378,4.0450121929143945,6.912187207455368,1.393798716307304,1.4096553629652122
1,272.22222222222223,1.7828456063859772,1.8363948720045378,4.058284288084903,6.89273705288928,1.369180315548873,1.4086595017240584
1,273.3333333333333,1.7828456063859772,1.8363948720045378,4.069894202645758,6.873573073753311,1.345839524524112,1.4076997313098243
1,274.44444444444446,1.7828456063859772,1.8363948720045378,4.079944109077601,6.854692385888166,1.3237224447927864,1.4067748076601876
1,275.55555555555554,1.7828456063859772,1.8363948720045378,4.08853479080076,6.836092000387376,1.3027749429321238,1.4058834902858357
1,276.6666666666667,1.7828456063859772,1.8363948720045378,4.095764946198839,6.817768805219109,1.2829428440030775,1.4050245460508626
1,277.77777777777777,1.7828456063859772,1.8363948720045378,4.101728375314077,6.799719719860318,1.2641739353106038,1.4041967906731532
1,278.8888888888889,1.7828456063859772,1.8363948720045378,4.1065133149419175,6.7819416845618345,1.246418190412516,1.403399093676868
1,280.0,2.125992954828668,1.9755034074635573,4.1102034315764,6.764431639585429,1.2296273455445315,1.4026303668934486
1,281.1111111111111,2.125992954828668,1.9755034074635573,4.135457188831089,6.755570843201897,1.2227454649860712,1.4213641664975056
1,282.22222222222223,2.125992954828668,1.9755034074635573,4.159583978411675,6.747522937245466,1.2162384463965226,1.439426148985634
1,283.3333333333333,2.125992954828668,1.9755034074635573,4.182633047655966,6.740250918712922,1.2100887408729013,1.4568410242789054
1,284.44444444444446,2.125992954828668,1.9755034074635573,4.2046512004714325,6.733719758954128,1.2042796841929264,1.4736325733412277
1,285.55555555555554,2.125992954828668,1.9755034074635573,4.225690493773216,6.7278905077452835,1.1987926724704807,1.4898272203645557
1,286.6666666666667,2.125992954828668,1.9755034074635573,4.245798748181301,6.722727326507529,1.1936105357872884,1.5054492662316932
1,287.77777777777777,2.125992954828668,1.9755034074635573,4.265023797413884,6.7181943577819725,1.1887160960230512,1.520523025628175
1,288.8888888888889,2.125992954828668,1.9755034074635573,4.283406506199177,6.714260840192942,1.1840945998545935,1.53506936263724
1,290.0,2.002597383511361,0.5982044180634684,4.3009929927563215,6.710892153189389,1.1797294690601134,1.549111760290127
1,291.1111111111111,2.002597383511361,0.5982044180634684,4.307199129096886,6.628510306262455,1.086678733200972,1.555658872420841
1,292.22222222222223,2.002597383511361,0.5982044180634684,4.307903218966405,6.547741840228287,0.999029493161371,1.5619801649962846
1,293.3333333333333,2.002597383511361,0.5982044180634684,4.303354737344689,6.468561786331159,0.9166871566748921,1.5680833914517647
1,294.44444444444446,2.002597383511361,0.5982044180634684,4.293819811635833,6.390943172430884,0.839541206064142,1.5739765487915207
1,295.55555555555554,2.002597383511361,0.5982044180634684,4.279564475948749,6.314859455017417,0.7674732913666527,1.579667306646237
1,296.6666666666667,2.002597383511361,0.5982044180634684,4.260853136584186,6.240284660429679,0.7003591552399507,1.5851630138953994
1,297.77777777777777,2.002597383511361,0.5982044180634684,4.237950236793708,6.167193333906355,0.6380665733295892,1.5904706943505955
1,298.8888888888889,2.002597383511361,0.5982044180634684,4.2111214806283215,6.095560439963579,0.5804548334412237,1.5955970879551689
1,300.0,2.5130579920818663,1.3929543965863407,4.180634642193873,6.025361302054217,0.5273744347613663,1.6005486826038726
1,301.1111111111111,2.5130579920818663,1.3929543965863407,4.182193720570531,6.002886134481751,0.5292508861319696,1.634336902410382
1,302.22222222222223,2.5130579920818663,1.3929543965863407,4.183856772314703,5.981929762724574,0.5309741799318934,1.666992165934534
1,303.3333333333333,2.5130579920818663,1.3929543965863407,4.185609307066139,5.962426538009127,0.5325559069997876,1.698556920360277
1,304.44444444444446,2.5130579920818663,1.3929543965863407,4.187437649273353,5.944308840698911,0.5340073442846411,1.7290750874327183
1,305.55555555555554,2.5130579920818663,1.3929543965863407,4.189328502582935,5.927507456413867,0.5353396351987889,1.7585913896357517
1,306.6666666666667,2.5130579920818663,1.3929543965863407,4.191270005340986,5.911957533048876,0.5365628806057575,1.7871475535578745
1,307.77777777777777,2.5130579920818663,1.3929543965863407,4.1932515835444075,5.897598235020166,0.5376862413212452,1.8147825723273505
1,308.8888888888889,2.5130579920818663,1.3929543965863407,4.1952638649940965,5.884372325360438,0.5387180095623059,1.8415329884573506
1,310.0,1.8041178809840854,0.6990327253899105,4.197298455288671,5.872225498469481,0.5396657717767591,1.8674333599932293
1,311.1111111111111,1.8041178809840854,0.6990327253899105,4.151307187719427,5.82046548755335,0.4963415429917013,1.8521808363425696
1,312.22222222222223,1.8041178809840854,0.6990327253899105,4.103086890358183,5.76915808885579,0.45668844231070393,1.8374116092974053
1,313.3333333333333,1.8041178809840854,0.6990327253899105,4.052884248155522,5.71831276848709,0.42053360768467263,1.8231124561547898
1,314.44444444444446,1.8041178809840854,0.6990327253899105,4.000948307051158,5.667938325284461,0.3876947513024374,1.809270111603061
1,315.55555555555554,1.8041178809840854,0.6990327253899105,3.9475256508939,5.6180430940032515,0.3579860854538698,1.7958715970491312
1,316.6666666666667,1.8041178809840854,0.6990327253899105,3.892859650042533,5.568634929756139,0.33121872419902815,1.7829042252499845
1,317.77777777777777,1.8041178809840854,0.6990327253899105,3.837189435786255,5.519721173500776,0.3072010792037757,1.7703556117881352
1,318.8888888888889,1.8041178809840854,0.6990327253899105,3.7807488155146083,5.471308683963301,0.28574019226878195,1.758213648816496
1,320.0,2.7716222020216708,1.2636497958570456,3.7237650378855056,5.42340386986152,0.26664332443652056,1.7464664875863583
1,321.1111111111111,2.7716222020216708,1.2636497958570456,3.7315102621121654,5.409451933611727,0.2850720350497708,1.7901216006177543
1,322.22222222222223,2.7716222020216708,1.2636497958570456,3.7410123079003696,5.397154397640367,0.30146495681590335,1.8323696216816878
1,323.3333333333333,2.7716222020216708,1.2636497958570456,3.7519463773784367,5.38642030662678,0.3160954930879011,1.8732713451333871
1,324.44444444444446,2.7716222020216708,1.2636497958570456,3.764046250647129,5.377164097321088,0.32918854465430375,1.9128838157351324
1,325.55555555555554,2.7716222020216708,1.2636497958570456,3.77709133568276,5.3693054032942324,0.34093155678329623,1.9512604186531068
1,326.6666666666667,2.7716222020216708,1.2636497958570456,3.790894984971428,5.362768300326287,0.35148443061860013,1.988451448845488
1,327.77777777777777,2.7716222020216708,1.2636497958570456,3.8052994307130494,5.357481215424588,0.36098385960546586,2.024504215739177
1,328.8888888888889,2.7716222020216708,1.2636497958570456,3.820172133699034,5.353376705077526,0.3695463690958703,2.0594632179694687
1,330.0,1.2980902224713633,1.32679827995533,3.835400843392032,5.350391070557007,0.3772723397660967,2.093370433671237
1,331.1111111111111,1.2980902224713633,1.32679827995533,3.755269709533195,5.350830170829707,0.3882453540014406,2.0423574606041233
1,332.22222222222223,1.2980902224713633,1.32679827995533,3.678702926925665,5.3497362632242265,0.39817354402428284,1.992883878526685
1,333.3333333333333,1.2980902224713633,1.32679827995533,3.605511633198836,5.347163390817871,0.40716368921165086,1.944923406130115
1,334.44444444444446,1.2980902224713633,1.32679827995533,3.535510081263146,5.343168931320261,0.41531619001845443,1.8984468612060366
1,335.55555555555554,1.2980902224713633,1.32679827995533,3.468532373422472,5.337808174168303,0.42271680458460237,1.853425495806664
1,336.6666666666667,1.2980902224713633,1.32679827995533,3.4044272993258224,5.331135242036788,0.4294401247464721,1.8098305497435205
1,337.77777777777777,1.2980902224713633,1.32679827995533,3.3430548607635804,5.323203461495144,0.4355521914110364,1.7676330954725887
1,338.8888888888889,1.2980902224713633,1.32679827995533,3.284284084583836,5.3140653688111525,0.4411123538064288,1.7268041212642484
1,340.0,0.7261483731772684,2.4345757405264896,3.2279912462599074,5.303772784679165,0.44617470320532876,1.6873145644249492
1,341.1111111111111,0.7261483731772684,2.4345757405264896,3.1401308491548003,5.355641478460627,0.52117637871506,1.6166279393625451
1,342.22222222222223,0.7261483731772684,2.4345757405264896,3.0614244348970736,5.4041645281624096,0.5899523730868234,1.5483362961845861
1,343.3333333333333,0.7261483731772684,2.4345757405264896,2.990752191158141,5.449439594984516,0.653354084686119,1.4824084191336306
1,344.44444444444446,0.7261483731772684,2.4345757405264896,2.927213372925579,5.491562964249407,0.7120405365503111,1.41881178632643
1,345.55555555555554,0.7261483731772684,2.4345757405264896,2.8700576187069298,5.530629377780723,0.7665419794192736,1.357512902970618
1,346.6666666666667,0.7261483731772684,2.4345757405264896,2.8186484937028737,5.566732126904515,0.8172936571734938,1.2984772679276533
1,347.77777777777777,0.7261483731772684,2.4345757405264896,2.7724384741027537,5.59996318556347,0.8646583948376857,1.241669372306936
1,348.8888888888889,0.7261483731772684,2.4345757405264896,2.730946734193585,5.630413346469334,0.9089465639705988,1.1870526880162182
1,350.0,0.7261483731772684,2.4345757405264896,2.693747284738925,5.658172313061771,0.9504266891377687,1.134589653736046
