t,v,h
0.0,1.6884496536841442,5.066580817886818
0.10050251256281408,1.6884496536841442,5.060213173300698
0.20100502512562815,1.6884496536841442,5.05385932238302
0.30150753768844224,1.6884496536841442,5.0475206712405525
0.4020100502512563,1.6884496536841442,5.041197676083363
0.5025125628140704,1.6884496536841442,5.034890498479799
0.6030150753768845,1.6884496536841442,5.028599137595281
0.7035175879396985,1.6884496536841442,5.022323525018013
0.8040201005025126,1.6884496536841442,5.016063622849737
0.9045226130653267,1.6884496536841442,5.009819470601976
1.0050251256281408,1.6884496536841442,5.00359106827473
1.105527638190955,1.6884496536841442,4.997378415867998
1.206030150753769,1.6884496536841442,4.991180950914672
1.306532663316583,1.6884496536841442,4.984999100754432
1.407035175879397,1.6884496536841442,4.9788328691444095
1.5075376884422111,1.6884496536841442,4.972682256084607
1.6080402010050252,1.6884496536841442,4.966547261575022
1.7085427135678393,1.6884496536841442,4.9604278856156565
1.8090452261306533,1.6884496536841442,4.954324128206509
1.9095477386934674,1.6884496536841442,4.94823571149346
2.0100502512562817,1.6884496536841442,4.942162281291249
2.1105527638190957,1.6884496536841442,4.9361042750039426
2.21105527638191,1.6884496536841442,4.93006169263154
2.311557788944724,1.6884496536841442,4.924034534174042
2.412060301507538,1.6884496536841442,4.918022799631448
2.512562814070352,1.6884496536841442,4.9120264890037575
2.613065326633166,1.6884496536841442,4.906045602290972
2.71356783919598,1.6884496536841442,4.9000794906667196
2.814070351758794,1.6884496536841442,4.894128367895901
2.9145728643216082,1.6884496536841442,4.88819245396528
3.0150753768844223,1.6884496536841442,4.882271748874857
3.1155778894472363,1.6884496536841442,4.876366252624631
3.2160804020100504,1.6884496536841442,4.870475965214604
3.3165829145728645,1.6884496536841442,4.864600886644776
3.4170854271356785,1.6884496536841442,4.858740942940529
3.5175879396984926,1.6884496536841442,4.852895308465513
3.6180904522613067,1.6884496536841442,4.8470646617778765
3.7185929648241207,1.6884496536841442,4.841249002877619
3.819095477386935,1.6884496536841442,4.835448331764741
3.919597989949749,1.6884496536841442,4.829662648439243
4.020100502512563,1.6884496536841442,4.823891952901123
4.120603015075377,1.6884496536841442,4.8181362451503835
4.2211055276381915,1.6884496536841442,4.8123951196392385
4.3216080402010055,1.6884496536841442,4.806668327788432
4.42211055276382,1.6884496536841442,4.800956301526063
4.522613065326634,1.6884496536841442,4.795259040852131
4.623115577889448,1.6884496536841442,4.7895765457666375
4.723618090452262,1.6884496536841442,4.783908816269581
4.824120603015076,1.6884496536841442,4.778255852360962
4.92462311557789,1.6884496536841442,4.772617654040781
5.025125628140704,1.6884496536841442,4.766993663041301
5.125628140703518,1.6884496536841442,4.761384109923809
5.226130653266332,1.6884496536841442,4.755789082000893
5.326633165829146,1.6884496536841442,4.750208560071698
5.42713567839196,1.6884496536841442,4.744642524935369
5.527638190954774,1.6884496536841442,4.739090957391048
5.628140703517588,1.6884496536841442,4.7335538382378815
5.728643216080402,1.6884496536841442,4.7280311482750115
5.8291457286432165,1.6884496536841442,4.722522868301582
5.9296482412060305,1.6884496536841442,4.717028886353907
6.030150753768845,1.6884496536841442,4.711549028859978
6.130653266331659,1.6884496536841442,4.706083427656713
6.231155778894473,1.6884496536841442,4.700632054658723
6.331658291457287,1.6884496536841442,4.6951948817806155
6.432160804020101,1.6884496536841442,4.689771880937004
6.532663316582915,1.6884496536841442,4.684363024042495
6.633165829145729,1.6884496536841442,4.678968283011702
6.733668341708543,1.6884496536841442,4.6735876297592345
6.834170854271357,1.6884496536841442,4.668221036199701
6.934673366834171,1.6884496536841442,4.662868420140208
7.035175879396985,1.6884496536841442,4.657529779716987
7.135678391959799,1.6884496536841442,4.652205093469792
7.236180904522613,1.6884496536841442,4.646894331436841
7.336683417085427,1.6884496536841442,4.64159746365635
7.437185929648241,1.6884496536841442,4.6363144601665365
7.5376884422110555,1.6884496536841442,4.631045291005616
7.63819095477387,1.6884496536841442,4.625789926211807
7.738693467336684,1.6884496536841442,4.620548335823326
7.839195979899498,1.6884496536841442,4.615320496348895
7.939698492462312,1.6884496536841442,4.610106386753784
8.040201005025127,1.6884496536841442,4.6049059678295965
8.14070351758794,1.6884496536841442,4.599719210181711
8.241206030150755,1.6884496536841442,4.594546084415503
8.341708542713569,1.6884496536841442,4.589386561136351
8.442211055276383,1.6884496536841442,4.584240610949631
8.542713567839197,1.6884496536841442,4.579108204460722
8.643216080402011,1.6884496536841442,4.573989312275
8.743718592964825,1.6884496536841442,4.5688839049978425
8.84422110552764,1.6884496536841442,4.563792008934162
8.944723618090453,1.6884496536841442,4.558713560201032
9.045226130653267,1.6884496536841442,4.55364852272462
9.145728643216081,1.6884496536841442,4.548596867580611
9.246231155778895,1.6884496536841442,4.543558565844689
9.34673366834171,1.6884496536841442,4.53853358859254
9.447236180904524,1.6884496536841442,4.533521906899848
9.547738693467338,1.6884496536841442,4.528523491842297
9.648241206030152,1.6884496536841442,4.523538314495574
9.748743718592966,1.6884496536841442,4.518566345935361
9.84924623115578,1.6884496536841442,4.513607557237345
9.949748743718594,1.6884496536841442,4.508661919477208
10.050251256281408,1.6884496536841442,4.503729403730638
10.150753768844222,1.6884496536841442,4.498809981073318
10.251256281407036,1.6884496536841442,4.493903622580934
10.35175879396985,1.6884496536841442,4.489010299329169
10.452261306532664,1.6884496536841442,4.484129982393709
10.552763819095478,1.6884496536841442,4.479262673271316
10.653266331658292,1.6884496536841442,4.474408382752224
10.753768844221106,1.6884496536841442,4.469567027916747
10.85427135678392,1.6884496536841442,4.464738580695718
10.954773869346734,1.6884496536841442,4.459923013019973
11.055276381909549,1.6884496536841442,4.455120296820345
11.155778894472363,1.6884496536841442,4.450330404027668
11.256281407035177,1.6884496536841442,4.445553306572776
11.35678391959799,1.6884496536841442,4.4407889763865045
11.457286432160805,1.6884496536841442,4.436037385399685
11.557788944723619,1.6884496536841442,4.431298505543154
11.658291457286433,1.6884496536841442,4.426572308747744
11.758793969849247,1.6884496536841442,4.421858766944289
11.859296482412061,1.6884496536841442,4.417157852063624
11.959798994974875,1.6884496536841442,4.412469536036582
12.06030150753769,1.6884496536841442,4.407793790793998
12.160804020100503,1.6884496536841442,4.403130588266706
12.261306532663317,1.6884496536841442,4.398479900385539
12.361809045226131,1.6884496536841442,4.393841811639128
12.462311557788945,1.6884496536841442,4.389216229404378
12.56281407035176,1.6884496536841442,4.384603100587428
12.663316582914574,1.6884496536841442,4.380002398018803
12.763819095477388,1.6884496536841442,4.375414094503905
12.864321608040202,1.6884496536841442,4.370838162823018
12.964824120603016,1.6884496536841442,4.3662745757313015
13.06532663316583,1.6884496536841442,4.361723305958791
13.165829145728644,1.6884496536841442,4.357184326210403
13.266331658291458,1.6884496536841442,4.35265760916593
13.366834170854272,1.6884496536841442,4.348143127480043
13.467336683417086,1.6884496536841442,4.343640853782288
13.5678391959799,1.6884496536841442,4.339150760677094
13.668341708542714,1.6884496536841442,4.334672820743761
13.768844221105528,1.6884496536841442,4.330207006536474
13.869346733668342,1.6884496536841442,4.325753290584291
13.969849246231156,1.6884496536841442,4.321311645391146
14.07035175879397,1.6884496536841442,4.316882043435858
14.170854271356784,1.6884496536841442,4.3124644571721165
14.271356783919598,1.6884496536841442,4.308058859028493
14.371859296482413,1.6884496536841442,4.303665221408433
14.472361809045227,1.6884496536841442,4.299283516690265
14.57286432160804,1.6884496536841442,4.294913717227189
14.673366834170855,1.6884496536841442,4.290555795347289
14.773869346733669,1.6884496536841442,4.2862097233535215
14.874371859296483,1.6884496536841442,4.2818754735237246
14.974874371859297,1.6884496536841442,4.277553018110611
15.075376884422111,1.6884496536841442,4.273242329341772
15.175879396984925,1.6884496536841442,4.26894337941968
15.27638190954774,1.6884496536841442,4.26465614052168
15.376884422110553,1.6884496536841442,4.260380584799997
15.477386934673367,1.6884496536841442,4.256116684381736
15.577889447236181,1.6884496536841442,4.251864411368875
15.678391959798995,1.6884496536841442,4.247623737838273
15.77889447236181,1.6884496536841442,4.243394635841667
15.879396984924623,1.6884496536841442,4.239177220587932
15.979899497487438,1.6884496536841442,4.234971389409812
16.080402010050253,1.6884496536841442,4.230777074073288
16.180904522613066,1.6884496536841442,4.22659424839572
16.28140703517588,1.6884496536841442,4.2224228862225095
16.381909547738694,1.6884496536841442,4.2182629614271
16.48241206030151,1.6884496536841442,4.214114447910977
16.582914572864322,1.6884496536841442,4.209977319603669
16.683417085427138,1.6884496536841442,4.205851550462745
16.78391959798995,1.6884496536841442,4.201737114473816
16.884422110552766,1.6884496536841442,4.197633985650535
16.984924623115578,1.6884496536841442,4.1935421380346
17.085427135678394,1.6884496536841442,4.189461545695745
17.185929648241206,1.6884496536841442,4.185392182731752
17.286432160804022,1.6884496536841442,4.181334023268441
17.386934673366834,1.6884496536841442,4.177287041459676
17.48743718592965,1.6884496536841442,4.1732512114873614
17.587939698492463,1.6884496536841442,4.169226507561445
17.68844221105528,1.6884496536841442,4.165212903919915
17.78894472361809,1.6884496536841442,4.161210374828804
17.889447236180906,1.6884496536841442,4.157218894582185
17.98994974874372,1.6884496536841442,4.1532384375021705
18.090452261306535,1.6884496536841442,4.14926897793892
18.190954773869347,1.6884496536841442,4.145310490270632
18.291457286432163,1.6884496536841442,4.141362964645567
18.391959798994975,1.6884496536841442,4.137426385279918
18.49246231155779,1.6884496536841442,4.1335007091685
18.592964824120603,1.6884496536841442,4.129585911528624
18.69346733668342,1.6884496536841442,4.125681967631205
18.79396984924623,1.6884496536841442,4.12178885280076
18.894472361809047,1.6884496536841442,4.1179065424154135
18.99497487437186,1.6884496536841442,4.114035011906892
19.095477386934675,1.6884496536841442,4.110174236760526
19.195979899497488,1.6884496536841442,4.106324192515252
19.296482412060303,1.6884496536841442,4.102484854763611
19.396984924623116,1.6884496536841442,4.098656199151745
19.49748743718593,1.6884496536841442,4.094838201379404
19.597989949748744,1.6884496536841442,4.091030837199941
19.69849246231156,1.6884496536841442,4.087234082420314
19.798994974874372,1.6884496536841442,4.083447912901082
19.899497487437188,1.6884496536841442,4.079672304556413
20.0,1.6884496536841442,4.075907233354077
20.100502512562816,1.238435974550418,4.06709076047092
20.201005025125628,1.238435974550418,4.058296810679608
20.301507537688444,1.238435974550418,4.049526798487442
20.402010050251256,1.238435974550418,4.040781267545166
20.502512562814072,1.238435974550418,4.032060193053699
20.603015075376884,1.238435974550418,4.023363540737134
20.7035175879397,1.238435974550418,4.014691320074535
20.804020100502512,1.238435974550418,4.006043341448078
20.90452261306533,1.238435974550418,3.9974190445246287
21.00502512562814,1.238435974550418,3.988819003249791
21.105527638190956,1.238435974550418,3.9802432176235647
21.20603015075377,1.238435974550418,3.9716916876459494
21.306532663316585,1.238435974550418,3.9631644133169455
21.407035175879397,1.238435974550418,3.954661394636553
21.507537688442213,1.238435974550418,3.9461826316047715
21.608040201005025,1.238435974550418,3.9377281242216013
21.70854271356784,1.238435974550418,3.9292978682916986
21.809045226130653,1.238435974550418,3.920891188430109
21.90954773869347,1.238435974550418,3.9125085116870295
22.01005025125628,1.238435974550418,3.9041498380624597
22.110552763819097,1.238435974550418,3.8958151675563997
22.21105527638191,1.238435974550418,3.8875041818732297
22.311557788944725,1.238435974550418,3.879216825171438
22.412060301507537,1.238435974550418,3.870953262228031
22.512562814070353,1.238435974550418,3.862713493043008
22.613065326633166,1.238435974550418,3.854497424640589
22.71356783919598,1.238435974550418,3.8463046758574935
22.814070351758794,1.238435974550418,3.838135525750419
22.91457286432161,1.238435974550418,3.8299899743193664
23.015075376884422,1.238435974550418,3.821868021564335
23.115577889447238,1.238435974550418,3.8137692297200134
23.21608040201005,1.238435974550418,3.8056937088625338
23.316582914572866,1.238435974550418,3.797641522914834
23.417085427135678,1.238435974550418,3.7896126534736108
23.517587939698494,1.238435974550418,3.7816070821355607
23.618090452261306,1.238435974550418,3.7736247904973803
23.718592964824122,1.238435974550418,3.7656657601557657
23.819095477386934,1.238435974550418,3.757729972707414
23.91959798994975,1.238435974550418,3.7498170148700085
24.020100502512562,1.238435974550418,3.74192708675359
24.12060301507538,1.238435974550418,3.73406017663214
24.22110552763819,1.238435974550418,3.7262162487988117
24.321608040201006,1.238435974550418,3.718395267546759
24.42211055276382,1.238435974550418,3.7105971971691356
24.522613065326635,1.238435974550418,3.702822001959095
24.623115577889447,1.238435974550418,3.6950696376538605
24.723618090452263,1.238435974550418,3.687339906048746
24.824120603015075,1.238435974550418,3.679632878972111
24.92462311557789,1.238435974550418,3.671948513605818
25.025125628140703,1.238435974550418,3.66428676713173
25.12562814070352,1.238435974550418,3.65664759673171
25.22613065326633,1.238435974550418,3.6490309595876207
25.326633165829147,1.238435974550418,3.6414368128813255
25.42713567839196,1.238435974550418,3.6338651083139166
25.527638190954775,1.238435974550418,3.626315777197979
25.628140703517587,1.238435974550418,3.618788795392227
25.728643216080403,1.238435974550418,3.6112841186793423
25.829145728643216,1.238435974550418,3.6038017028420053
25.92964824120603,1.238435974550418,3.596341503662897
26.030150753768844,1.238435974550418,3.588903476924699
26.13065326633166,1.238435974550418,3.581487578410092
26.231155778894472,1.238435974550418,3.5740937694030315
26.331658291457288,1.238435974550418,3.566722015938798
26.4321608040201,1.238435974550418,3.5593722635066167
26.532663316582916,1.238435974550418,3.552044468177187
26.633165829145728,1.238435974550418,3.5447385860212077
26.733668341708544,1.238435974550418,3.5374545731093776
26.834170854271356,1.238435974550418,3.530192385512396
26.934673366834172,1.238435974550418,3.5229519793009607
27.035175879396984,1.238435974550418,3.5157333105457718
27.1356783919598,1.238435974550418,3.5085363353175274
27.236180904522612,1.238435974550418,3.501361009686927
27.33668341708543,1.238435974550418,3.4942072897246694
27.43718592964824,1.238435974550418,3.487075131501453
27.537688442211056,1.238435974550418,3.4799645287724026
27.63819095477387,1.238435974550418,3.4728754223682152
27.738693467336685,1.238435974550418,3.465807755672864
27.839195979899497,1.238435974550418,3.4587614850997777
27.939698492462313,1.238435974550418,3.451736567062385
28.040201005025125,1.238435974550418,3.444732957974115
28.14070351758794,1.238435974550418,3.437750614248396
28.241206030150757,1.238435974550418,3.4307894922986573
28.34170854271357,1.238435974550418,3.423849548538327
28.44221105527638,1.238435974550418,3.4169307393808337
28.542713567839197,1.238435974550418,3.4100330212396073
28.643216080402013,1.238435974550418,3.403156350528075
28.743718592964825,1.238435974550418,3.3963006836596668
28.844221105527637,1.238435974550418,3.3894659770478106
28.944723618090453,1.238435974550418,3.3826521871059354
29.04522613065327,1.238435974550418,3.3758592702474703
29.14572864321608,1.238435974550418,3.3690871828858433
29.246231155778894,1.238435974550418,3.3623358814344835
29.34673366834171,1.238435974550418,3.35560532230682
29.447236180904525,1.238435974550418,3.348895468436707
29.547738693467338,1.238435974550418,3.342206314063404
29.64824120603015,1.238435974550418,3.335537778750185
29.748743718592966,1.238435974550418,3.328889819272174
29.84924623115578,1.238435974550418,3.3222623924044927
29.949748743718594,1.238435974550418,3.315655454922265
30.050251256281406,1.238435974550418,3.3090689636006143
30.150753768844222,1.238435974550418,3.3025028752146635
30.251256281407038,1.238435974550418,3.2959571465395356
30.35175879396985,1.238435974550418,3.2894317343503543
30.452261306532662,1.238435974550418,3.282926595422242
30.55276381909548,1.238435974550418,3.2764416865303225
30.653266331658294,1.238435974550418,3.2699769644497185
30.753768844221106,1.238435974550418,3.2635323859555534
30.85427135678392,1.238435974550418,3.2571079078229506
30.954773869346734,1.238435974550418,3.250703486827033
31.05527638190955,1.238435974550418,3.2443190797429238
31.155778894472363,1.238435974550418,3.237954643345746
31.256281407035175,1.238435974550418,3.2316101344106225
31.35678391959799,1.238435974550418,3.2252855097126774
31.457286432160807,1.238435974550418,3.218980742832853
31.55778894472362,1.238435974550418,3.2126957908543927
31.65829145728643,1.238435974550418,3.206430598247506
31.758793969849247,1.238435974550418,3.2001851220148048
31.859296482412063,1.238435974550418,3.1939593191589037
31.959798994974875,1.238435974550418,3.1877531466824154
32.06030150753769,1.238435974550418,3.181566561587953
32.1608040201005,1.238435974550418,3.17539952087813
32.26130653266332,1.238435974550418,3.1692519815555595
32.36180904522613,1.238435974550418,3.163123900622855
32.462311557788944,1.238435974550418,3.1570152350826297
32.56281407035176,1.238435974550418,3.1509259419374964
32.663316582914575,1.238435974550418,3.144855978190069
32.76381909547739,1.238435974550418,3.1388053008429604
32.8643216080402,1.238435974550418,3.1327738668987837
32.96482412060301,1.238435974550418,3.1267616333601524
33.06532663316583,1.238435974550418,3.1207685572296797
33.165829145728644,1.238435974550418,3.1147945955099785
33.266331658291456,1.238435974550418,3.1088397052036627
33.366834170854275,1.238435974550418,3.1029038433133453
33.46733668341709,1.238435974550418,3.0969869939544528
33.5678391959799,1.238435974550418,3.091089092017172
33.66834170854271,1.238435974550418,3.0852100938915963
33.768844221105525,1.238435974550418,3.079349956783914
33.869346733668344,1.238435974550418,3.0735086379003143
33.969849246231156,1.238435974550418,3.0676860944469846
34.07035175879397,1.238435974550418,3.0618822836301143
34.17085427135679,1.238435974550418,3.0560971626558913
34.2713567839196,1.238435974550418,3.050330688730504
34.37185929648241,1.238435974550418,3.044582819060141
34.472361809045225,1.238435974550418,3.0388535108509913
34.57286432160804,1.238435974550418,3.033142721309243
34.67336683417086,1.238435974550418,3.027450407641084
34.77386934673367,1.238435974550418,3.0217765270527033
34.87437185929648,1.238435974550418,3.0161210367502895
34.9748743718593,1.238435974550418,3.0104838939400307
35.07537688442211,1.238435974550418,3.0048650558281156
35.175879396984925,1.238435974550418,2.999264479620732
35.27638190954774,1.238435974550418,2.9936821225240697
35.37688442211055,1.238435974550418,2.988117955481264
35.47738693467337,1.238435974550418,2.9825719478811696
35.57788944723618,1.238435974550418,2.9770440367218445
35.678391959798994,1.238435974550418,2.9715341794818597
35.77889447236181,1.238435974550418,2.9660423336397868
35.879396984924625,1.238435974550418,2.9605684566741974
35.97989949748744,1.238435974550418,2.9551125060636627
36.08040201005025,1.238435974550418,2.949674439286754
36.18090452261306,1.238435974550418,2.9442542138220436
36.28140703517588,1.238435974550418,2.938851787148102
36.381909547738694,1.238435974550418,2.9334671167435014
36.48241206030151,1.238435974550418,2.928100160086813
36.582914572864325,1.238435974550418,2.9227508746566087
36.68341708542714,1.238435974550418,2.917419217931459
36.78391959798995,1.238435974550418,2.912105147389936
36.88442211055276,1.238435974550418,2.9068086205106116
36.984924623115575,1.238435974550418,2.9015295947720565
37.085427135678394,1.238435974550418,2.8962680276528423
37.185929648241206,1.238435974550418,2.8910238766315413
37.286432160804026,1.238435974550418,2.885797099186724
37.38693467336684,1.238435974550418,2.880587693985183
37.48743718592965,1.238435974550418,2.875395594756551
37.58793969849246,1.238435974550418,2.870220749672067
37.688442211055275,1.238435974550418,2.8650631165905995
37.78894472361809,1.238435974550418,2.8599226533710196
37.88944723618091,1.238435974550418,2.8547993178721947
37.98994974874372,1.238435974550418,2.8496930679529955
38.09045226130654,1.238435974550418,2.84460386147229
38.19095477386935,1.238435974550418,2.839531656288949
38.29145728643216,1.238435974550418,2.83447641026184
38.391959798994975,1.238435974550418,2.829438081249834
38.49246231155779,1.238435974550418,2.8244166271117987
38.5929648241206,1.238435974550418,2.8194120057066048
38.69346733668342,1.238435974550418,2.8144241748931202
38.79396984924623,1.238435974550418,2.8094530925302155
38.89447236180905,1.238435974550418,2.804498716476759
38.99497487437186,1.238435974550418,2.79956100459162
39.095477386934675,1.238435974550418,2.7946399147336685
39.19597989949749,1.238435974550418,2.7897354047617733
39.2964824120603,1.238435974550418,2.7848474356614052
39.39698492462311,1.238435974550418,2.7799759779202655
39.49748743718593,1.238435974550418,2.7751209810531634
39.597989949748744,1.238435974550418,2.7702824036911773
39.69849246231156,1.238435974550418,2.765460204465384
39.798994974874375,1.238435974550418,2.7606543420068625
39.89949748743719,1.238435974550418,2.755864774946689
40.0,1.238435974550418,2.7510914619159417
40.10050251256281,1.776571574024467,2.7523879908388773
40.20100502512563,1.776571574024467,2.753680815850217
40.301507537688444,1.776571574024467,2.754969522338645
40.402010050251256,1.776571574024467,2.756253965522671
40.50251256281407,1.776571574024467,2.7575341064657155
40.60301507537689,1.776571574024467,2.758809931787328
40.7035175879397,1.776571574024467,2.7600814621405987
40.80402010050251,1.776571574024467,2.761348697517388
40.904522613065325,1.776571574024467,2.7626116373283662
41.005025125628144,1.776571574024467,2.763870291612836
41.10552763819096,1.776571574024467,2.7651248542383784
41.20603015075377,1.776571574024467,2.766375175151207
41.30653266331658,1.776571574024467,2.7676212543513214
41.4070351758794,1.776571574024467,2.7688630918387216
41.50753768844221,1.776571574024467,2.770100687613408
41.608040201005025,1.776571574024467,2.771334041675381
41.70854271356784,1.776571574024467,2.7725632200485086
41.80904522613066,1.776571574024467,2.7737884478226333
41.90954773869347,1.776571574024467,2.7750095202444958
42.01005025125628,1.776571574024467,2.776226437314096
42.11055276381909,1.776571574024467,2.7774391990314333
42.21105527638191,1.776571574024467,2.778647805396509
42.311557788944725,1.776571574024467,2.7798522564093213
42.41206030150754,1.776571574024467,2.7810526827144066
42.51256281407035,1.776571574024467,2.782249233171651
42.61306532663317,1.776571574024467,2.783441723702599
42.71356783919598,1.776571574024467,2.784630154307251
42.814070351758794,1.776571574024467,2.7858145249856063
42.914572864321606,1.776571574024467,2.7869948357376653
43.015075376884425,1.776571574024467,2.7881710865634277
43.11557788944724,1.776571574024467,2.789343470785813
43.21608040201005,1.776571574024467,2.7905120329244264
43.31658291457286,1.776571574024467,2.791676631794547
43.41708542713568,1.776571574024467,2.792837267396175
43.517587939698494,1.776571574024467,2.7939939397293103
43.618090452261306,1.776571574024467,2.795146648793953
43.71859296482412,1.776571574024467,2.796295394590103
43.81909547738694,1.776571574024467,2.797440430491078
43.91959798994975,1.776571574024467,2.7985816905507033
44.02010050251256,1.776571574024467,2.7997190826830916
44.120603015075375,1.776571574024467,2.8008526068882422
44.221105527638194,1.776571574024467,2.8019822631661557
44.321608040201006,1.776571574024467,2.8031080515168316
44.42211055276382,1.776571574024467,2.8042299719402703
44.52261306532663,1.776571574024467,2.805348279176585
44.62311557788945,1.776571574024467,2.8064628503956377
44.72361809045226,1.776571574024467,2.807573660934547
44.824120603015075,1.776571574024467,2.808680718832735
44.92462311557789,1.776571574024467,2.8097840321296217
45.02512562814071,1.776571574024467,2.810883608864628
45.12562814070352,1.776571574024467,2.811979457077176
45.22613065326633,1.776571574024467,2.813071584806686
45.32663316582914,1.776571574024467,2.814160000092579
45.42713567839196,1.776571574024467,2.815244773564169
45.527638190954775,1.776571574024467,2.8163259548611985
45.62814070351759,1.776571574024467,2.8174034942583903
45.7286432160804,1.776571574024467,2.8184774040671714
45.82914572864322,1.776571574024467,2.8195476965989696
45.92964824120603,1.776571574024467,2.820614384165212
46.030150753768844,1.776571574024467,2.8216774790773256
46.130653266331656,1.776571574024467,2.8227369936467372
46.231155778894475,1.776571574024467,2.823792940184875
46.33165829145729,1.776571574024467,2.8248453325269263
46.4321608040201,1.776571574024467,2.8258942112387118
46.53266331658291,1.776571574024467,2.8269395682311624
46.63316582914573,1.776571574024467,2.827981416712037
46.733668341708544,1.776571574024467,2.829019769889096
46.834170854271356,1.776571574024467,2.8300546409700984
46.93467336683417,1.776571574024467,2.831086043162803
47.03517587939699,1.776571574024467,2.83211398967497
47.1356783919598,1.776571574024467,2.8331384937143587
47.23618090452261,1.776571574024467,2.8341595684887277
47.336683417085425,1.776571574024467,2.8351772174098695
47.437185929648244,1.776571574024467,2.8361914543832003
47.537688442211056,1.776571574024467,2.837202296622429
47.63819095477387,1.776571574024467,2.838209756874764
47.73869346733668,1.776571574024467,2.8392138478874163
47.8391959798995,1.776571574024467,2.840214582407595
47.93969849246231,1.776571574024467,2.841211973182509
48.040201005025125,1.776571574024467,2.842206032959369
48.14070351758794,1.776571574024467,2.8431967744853837
48.24120603015076,1.776571574024467,2.8441841991801287
48.34170854271357,1.776571574024467,2.8451682896803794
48.44221105527638,1.776571574024467,2.846149088806073
48.5427135678392,1.776571574024467,2.8471266088722595
48.64321608040201,1.776571574024467,2.8481008621939874
48.743718592964825,1.776571574024467,2.849071861086306
48.84422110552764,1.776571574024467,2.850039617864265
48.94472361809045,1.776571574024467,2.8510041448429133
49.04522613065327,1.776571574024467,2.8519654543373005
49.14572864321608,1.776571574024467,2.8529235586624755
49.246231155778894,1.776571574024467,2.853878470133488
49.34673366834171,1.776571574024467,2.8548302010653868
49.447236180904525,1.776571574024467,2.8557787637732215
49.54773869346734,1.776571574024467,2.856724170572041
49.64824120603015,1.776571574024467,2.8576664337768953
49.74874371859296,1.776571574024467,2.858605565702833
49.84924623115578,1.776571574024467,2.859541578664903
49.949748743718594,1.776571574024467,2.8604744091702194
50.050251256281406,1.776571574024467,2.8614041249291025
50.150753768844226,1.776571574024467,2.8623307431468006
50.25125628140704,1.776571574024467,2.863254275287673
50.35175879396985,1.776571574024467,2.864174732816077
50.45226130653266,1.776571574024467,2.865092127196371
50.552763819095475,1.776571574024467,2.866006469892913
50.653266331658294,1.776571574024467,2.866917772370061
50.753768844221106,1.776571574024467,2.867826046092174
50.85427135678392,1.776571574024467,2.868731302523609
50.95477386934674,1.776571574024467,2.869633553128725
51.05527638190955,1.776571574024467,2.8705328093718796
51.15577889447236,1.776571574024467,2.871429082717431
51.256281407035175,1.776571574024467,2.872322384629738
51.35678391959799,1.776571574024467,2.8732127265731573
51.45728643216081,1.776571574024467,2.8741001200120486
51.55778894472362,1.776571574024467,2.874984518804184
51.65829145728643,1.776571574024467,2.875865939873103
51.75879396984925,1.776571574024467,2.8767444288105892
51.85929648241206,1.776571574024467,2.8776199961316715
51.959798994974875,1.776571574024467,2.8784926523566194
52.06030150753769,1.776571574024467,2.879362408010945
52.1608040201005,1.776571574024467,2.8802292736253987
52.26130653266332,1.776571574024467,2.8810932597359735
52.36180904522613,1.776571574024467,2.8819543768839018
52.462311557788944,1.776571574024467,2.8828126356156583
52.56281407035176,1.776571574024467,2.8836680464829567
52.663316582914575,1.776571574024467,2.884520620042753
52.76381909547739,1.776571574024467,2.885370366857243
52.8643216080402,1.776571574024467,2.8862172974938636
52.96482412060301,1.776571574024467,2.887061422525293
53.06532663316583,1.776571574024467,2.887902752529449
53.165829145728644,1.776571574024467,2.8887412980894913
53.266331658291456,1.776571574024467,2.8895770697938197
53.366834170854275,1.776571574024467,2.890410078236075
53.46733668341709,1.776571574024467,2.8912403340151385
53.5678391959799,1.776571574024467,2.8920678477351327
53.66834170854271,1.776571574024467,2.892892630005421
53.768844221105525,1.776571574024467,2.8937146914406067
53.869346733668344,1.776571574024467,2.8945340426605344
53.969849246231156,1.776571574024467,2.89535069429029
54.07035175879397,1.776571574024467,2.8961645783857315
54.17085427135679,1.776571574024467,2.896975737290845
54.2713567839196,1.776571574024467,2.897784210877579
54.37185929648241,1.776571574024467,2.8985900086903658
54.472361809045225,1.776571574024467,2.8993931402530233
54.57286432160804,1.776571574024467,2.9001936150687544
54.67336683417086,1.776571574024467,2.900991442620147
54.77386934673367,1.776571574024467,2.901786632369174
54.87437185929648,1.776571574024467,2.9025791937571928
54.9748743718593,1.776571574024467,2.903369136204947
55.07537688442211,1.776571574024467,2.9041564691125643
55.175879396984925,1.776571574024467,2.904941201859557
55.27638190954774,1.776571574024467,2.905723343804824
55.37688442211055,1.776571574024467,2.9065029042866484
55.47738693467337,1.776571574024467,2.907279892622697
55.57788944723618,1.776571574024467,2.908054318110024
55.678391959798994,1.776571574024467,2.9088261900250667
55.77889447236181,1.776571574024467,2.9095955176236483
55.879396984924625,1.776571574024467,2.9103623101409775
55.97989949748744,1.776571574024467,2.9111265767916463
56.08040201005025,1.776571574024467,2.911888326769634
56.18090452261306,1.776571574024467,2.9126475692483025
56.28140703517588,1.776571574024467,2.9134043133804006
56.381909547738694,1.776571574024467,2.9141585682980615
56.48241206030151,1.776571574024467,2.9149103431128034
56.582914572864325,1.776571574024467,2.915659600031443
56.68341708542714,1.776571574024467,2.9164063765309733
56.78391959798995,1.776571574024467,2.9171506911519764
56.88442211055276,1.776571574024467,2.9178925523645156
56.984924623115575,1.776571574024467,2.918631968603941
57.085427135678394,1.776571574024467,2.9193689482708907
57.185929648241206,1.776571574024467,2.9201034997312907
57.286432160804026,1.776571574024467,2.920835631316356
57.38693467336684,1.776571574024467,2.9215653513225885
57.48743718592965,1.776571574024467,2.9222926680117776
57.58793969849246,1.776571574024467,2.923017589611002
57.688442211055275,1.776571574024467,2.9237401243126273
57.78894472361809,1.776571574024467,2.9244602802743067
57.88944723618091,1.776571574024467,2.925178065618983
57.98994974874372,1.776571574024467,2.9258934884348853
58.09045226130654,1.776571574024467,2.9266065567755315
58.19095477386935,1.776571574024467,2.927317278659727
58.29145728643216,1.776571574024467,2.9280256620715646
58.391959798994975,1.776571574024467,2.9287317149604264
58.49246231155779,1.776571574024467,2.929435445240981
58.5929648241206,1.776571574024467,2.9301368607931866
58.69346733668342,1.776571574024467,2.930835969462288
58.79396984924623,1.776571574024467,2.9315327790588177
58.89447236180905,1.776571574024467,2.9322272973585974
58.99497487437186,1.776571574024467,2.9329195321027357
59.095477386934675,1.776571574024467,2.933609489511984
59.19597989949749,1.776571574024467,2.9342971779381553
59.2964824120603,1.776571574024467,2.934982605027452
59.39698492462311,1.776571574024467,2.935665778282297
59.49748743718593,1.776571574024467,2.9363467051659717
59.597989949748744,1.776571574024467,2.9370253931026133
59.69849246231156,1.776571574024467,2.937701849477217
59.798994974874375,1.776571574024467,2.9383760816356346
59.89949748743719,1.776571574024467,2.9390480968845742
60.0,1.776571574024467,2.9397179024916014
60.10050251256281,3.129710802638821,2.955608588738822
60.20100502512563,3.129710802638821,2.9714495711697566
60.301507537688444,3.129710802638821,2.9872390318876545
60.402010050251256,3.129710802638821,3.0029772457665462
60.50251256281407,3.129710802638821,3.018664224111139
60.60301507537689,3.129710802638821,3.0343005438665704
60.7035175879397,3.129710802638821,3.0498861159916686
60.80402010050251,3.129710802638821,3.0654216093452717
60.904522613065325,3.129710802638821,3.0809069051929887
61.005025125628144,3.129710802638821,3.0963426912211576
61.10552763819096,3.129710802638821,3.111728908753218
61.20603015075377,3.129710802638821,3.12706661184943
61.30653266331658,3.129710802638821,3.142355498223449
61.4070351758794,3.129710802638821,3.1575956429730554
61.50753768844221,3.129710802638821,3.17278712119603
61.608040201005025,3.129710802638821,3.187930484847077
61.70854271356784,3.129710802638821,3.2030264142723155
61.80904522613066,3.129710802638821,3.2180746713655406
61.90954773869347,3.129710802638821,3.233075454711433
62.01005025125628,3.129710802638821,3.2480289628946752
62.11055276381909,3.129710802638821,3.262935714443515
62.21105527638191,3.129710802638821,3.277795994659991
62.311557788944725,3.129710802638821,3.2926099325902127
62.41206030150754,3.129710802638821,3.307377779143928
62.51256281407035,3.129710802638821,3.3220997852308845
62.61306532663317,3.129710802638821,3.3367762400148515
62.71356783919598,3.129710802638821,3.351407385314141
62.814070351758794,3.129710802638821,3.365993472420871
62.914572864321606,3.129710802638821,3.380534756681562
63.015075376884425,3.129710802638821,3.3950314728928612
63.11557788944724,3.129710802638821,3.409483633815241
63.21608040201005,3.129710802638821,3.423891643013788
63.31658291457286,3.129710802638821,3.4382557472022786
63.41708542713568,3.129710802638821,3.452576193094492
63.517587939698494,3.129710802638821,3.4668532274042065
63.618090452261306,3.129710802638821,3.4810870968451995
63.71859296482412,3.129710802638821,3.4952780481312495
63.81909547738694,3.129710802638821,3.509426327976134
63.91959798994975,3.129710802638821,3.5235316953470193
64.02010050251256,3.129710802638821,3.5375946845582606
64.12060301507537,3.129710802638821,3.5516155440954007
64.22110552763819,3.129710802638821,3.565594501014929
64.321608040201,3.129710802638821,3.579531782373335
64.42211055276383,3.129710802638821,3.5934276152271076
64.52261306532664,3.129710802638821,3.607282226632737
64.62311557788945,3.129710802638821,3.621095843646713
64.72361809045226,3.129710802638821,3.634868304722546
64.82412060301507,3.129710802638821,3.6485999800025763
64.92462311557789,3.129710802638821,3.662291154540101
65.0251256281407,3.129710802638821,3.6759420365457327
65.12562814070351,3.129710802638821,3.689552834230084
65.22613065326634,3.129710802638821,3.7031237558037677
65.32663316582915,3.129710802638821,3.716655009477397
65.42713567839196,3.129710802638821,3.730146803461584
65.52763819095478,3.129710802638821,3.743599085290417
65.62814070351759,3.129710802638821,3.7570120771792443
65.7286432160804,3.129710802638821,3.7703860800409745
65.82914572864321,3.129710802638821,3.783721286389093
65.92964824120602,3.129710802638821,3.7970178887370856
66.03015075376885,3.129710802638821,3.810276079598437
66.13065326633166,3.129710802638821,3.8234960514866327
66.23115577889448,3.129710802638821,3.836677996915158
66.33165829145729,3.129710802638821,3.8498219414347488
66.4321608040201,3.129710802638821,3.862928005963921
66.53266331658291,3.129710802638821,3.8759964951716848
66.63316582914572,3.129710802638821,3.889027588496338
66.73366834170854,3.129710802638821,3.902021465376179
66.83417085427136,3.129710802638821,3.9149783052495053
66.93467336683418,3.129710802638821,3.9278982875546156
67.03517587939699,3.129710802638821,3.9407815917298077
67.1356783919598,3.129710802638821,3.9536282939160285
67.23618090452261,3.129710802638821,3.966438442901978
67.33668341708542,3.129710802638821,3.9792123440076717
67.43718592964824,3.129710802638821,3.9919501653270464
67.53768844221105,3.129710802638821,4.004652074954039
67.63819095477388,3.129710802638821,4.0173182409825845
67.73869346733669,3.129710802638821,4.029948831506621
67.8391959798995,3.129710802638821,4.042544014620084
67.93969849246231,3.129710802638821,4.0551039013614405
68.04020100502512,3.129710802638821,4.067628484595431
68.14070351758794,3.129710802638821,4.080118069297512
68.24120603015075,3.129710802638821,4.092572813395544
68.34170854271358,3.129710802638821,4.104992874817389
68.44221105527639,3.129710802638821,4.117378411490909
68.5427135678392,3.129710802638821,4.129729581343967
68.64321608040201,3.129710802638821,4.142046542304423
68.74371859296483,3.129710802638821,4.154329431154312
68.84422110552764,3.129710802638821,4.166578196459784
68.94472361809045,3.129710802638821,4.178793141186508
69.04522613065326,3.129710802638821,4.190974414015403
69.14572864321607,3.129710802638821,4.20312216362739
69.2462311557789,3.129710802638821,4.215236538703389
69.34673366834171,3.129710802638821,4.227317687924321
69.44723618090453,3.129710802638821,4.239365759971106
69.54773869346734,3.129710802638821,4.251380903524663
69.64824120603015,3.129710802638821,4.263363022074945
69.74874371859296,3.129710802638821,4.275312410104465
69.84924623115577,3.129710802638821,4.287229214060579
69.9497487437186,3.129710802638821,4.29911357175532
70.05025125628141,3.129710802638821,4.3109656208678935
70.15075376884423,3.129710802638821,4.322785498944688
70.25125628140704,3.129710802638821,4.334573343399268
70.35175879396985,3.129710802638821,4.346329291512375
70.45226130653266,3.129710802638821,4.358053480431931
70.55276381909547,3.129710802638821,4.3697460471730345
70.65326633165829,3.129710802638821,4.381407128617963
70.7537688442211,3.129710802638821,4.393036861516173
70.85427135678393,3.129710802638821,4.4046352822778605
70.95477386934674,3.129710802638821,4.41620242343733
71.05527638190955,3.129710802638821,4.42773854175209
71.15577889447236,3.129710802638821,4.43924376336904
71.25628140703517,3.129710802638821,4.450718213851451
71.35678391959799,3.129710802638821,4.462162018178958
71.4572864321608,3.129710802638821,4.473575300747563
71.55778894472363,3.129710802638821,4.484958185369637
71.65829145728644,3.129710802638821,4.496310795273916
71.75879396984925,3.129710802638821,4.507633253105505
71.85929648241206,3.129710802638821,4.518925680925876
71.95979899497488,3.129710802638821,4.530188200212866
72.06030150753769,3.129710802638821,4.5414209318606815
72.1608040201005,3.129710802638821,4.552623887254303
72.26130653266331,3.129710802638821,4.563797239286618
72.36180904522612,3.129710802638821,4.57494112069548
72.46231155778895,3.129710802638821,4.586055645107556
72.56281407035176,3.129710802638821,4.5971409253329645
72.66331658291458,3.129710802638821,4.608197073365281
72.76381909547739,3.129710802638821,4.619224200381529
72.8643216080402,3.129710802638821,4.63022241674219
72.96482412060301,3.129710802638821,4.641191831991197
73.06532663316582,3.129710802638821,4.652132554855936
73.16582914572865,3.129710802638821,4.6630446932472465
73.26633165829146,3.129710802638821,4.673928354259421
73.36683417085428,3.129710802638821,4.68478364775245
73.46733668341709,3.129710802638821,4.695610687461785
73.5678391959799,3.129710802638821,4.706409570437156
73.66834170854271,3.129710802638821,4.717180401024798
73.76884422110552,3.129710802638821,4.72792328277953
73.86934673366834,3.129710802638821,4.73863831846475
73.96984924623115,3.129710802638821,4.7493256100524395
74.07035175879398,3.129710802638821,4.759985258723166
74.17085427135679,3.129710802638821,4.7706173648660775
74.2713567839196,3.129710802638821,4.781222028078904
74.37185929648241,3.129710802638821,4.79179934716796
74.47236180904522,3.129710802638821,4.802349420148142
74.57286432160804,3.129710802638821,4.812872344242929
74.67336683417085,3.129710802638821,4.823368319730331
74.77386934673368,3.129710802638821,4.833837408924355
74.87437185929649,3.129710802638821,4.84427967246678
74.9748743718593,3.129710802638821,4.854695206969694
75.07537688442211,3.129710802638821,4.8650841082550285
75.17587939698493,3.129710802638821,4.875446471354556
75.27638190954774,3.129710802638821,4.885782390509899
75.37688442211055,3.129710802638821,4.896091959172519
75.47738693467336,3.129710802638821,4.906375270003726
75.57788944723617,3.129710802638821,4.9166324148746705
75.678391959799,3.129710802638821,4.926863484866349
75.77889447236181,3.129710802638821,4.937068570269601
75.87939698492463,3.129710802638821,4.947247760585114
75.97989949748744,3.129710802638821,4.9574011445234145
76.08040201005025,3.129710802638821,4.967528810004876
76.18090452261306,3.129710802638821,4.977630844159716
76.28140703517587,3.129710802638821,4.987707333327996
76.3819095477387,3.129710802638821,4.997758363059622
76.48241206030151,3.129710802638821,5.007784018114343
76.58291457286433,3.129710802638821,5.017784382461754
76.68341708542714,3.129710802638821,5.027759539281292
76.78391959798995,3.129710802638821,5.037709833924008
76.88442211055276,3.129710802638821,5.047635238886321
76.98492462311557,3.129710802638821,5.057535750000344
77.0854271356784,3.129710802638821,5.067411452332778
77.1859296482412,3.129710802638821,5.077262430296425
77.28643216080403,3.129710802638821,5.087088767650186
77.38693467336684,3.129710802638821,5.09689054749906
77.48743718592965,3.129710802638821,5.106667852294147
77.58793969849246,3.129710802638821,5.116420763832645
77.68844221105527,3.129710802638821,5.126149363257853
77.78894472361809,3.129710802638821,5.135853731059166
77.8894472361809,3.129710802638821,5.1455339470720824
77.98994974874373,3.129710802638821,5.155190090478196
78.09045226130654,3.129710802638821,5.164822239805203
78.19095477386935,3.129710802638821,5.174430472926896
78.29145728643216,3.129710802638821,5.18401486706317
78.39195979899498,3.129710802638821,5.193575498780016
78.49246231155779,3.129710802638821,5.203112443989526
78.5929648241206,3.129710802638821,5.212625777949891
78.69346733668343,3.129710802638821,5.222115575265403
78.79396984924622,3.129710802638821,5.231581909886448
78.89447236180905,3.129710802638821,5.241024970849387
78.99497487437186,3.129710802638821,5.250444798539868
79.09547738693468,3.129710802638821,5.259841436915857
79.19597989949749,3.129710802638821,5.269214964211994
79.2964824120603,3.129710802638821,5.278565458339995
79.39698492462311,3.129710802638821,5.287892996888655
79.49748743718592,3.129710802638821,5.297197657123849
79.59798994974875,3.129710802638821,5.306479515988528
79.69849246231156,3.129710802638821,5.315738650102718
79.79899497487438,3.129710802638821,5.324975135763526
79.89949748743719,3.129710802638821,5.334189048945136
80.0,3.129710802638821,5.343380465298809
80.10050251256281,2.739534663828393,5.348154458293206
80.20100502512562,2.739534663828393,5.3529185577325125
80.30150753768844,2.739534663828393,5.357671707428268
80.40201005025126,2.739534663828393,5.3624135333172696
80.50251256281408,2.739534663828393,5.367143865503448
80.60301507537689,2.739534663828393,5.3718627839437545
80.7035175879397,2.739534663828393,5.376570255523133
80.80402010050251,2.739534663828393,5.381266302204691
80.90452261306532,2.739534663828393,5.385951044655452
81.00502512562814,2.739534663828393,5.390624714993039
81.10552763819095,2.739534663828393,5.395287064658771
81.20603015075378,2.739534663828393,5.3999380936526515
81.30653266331659,2.739534663828393,5.404577801974678
81.4070351758794,2.739534663828393,5.409206189624853
81.50753768844221,2.739534663828393,5.413823256603174
81.60804020100502,2.739534663828393,5.418429002909641
81.70854271356784,2.739534663828393,5.423024074905533
81.80904522613065,2.739534663828393,5.427608155386074
81.90954773869346,2.739534663828393,5.432181108286421
82.01005025125629,2.739534663828393,5.436742933606574
82.1105527638191,2.739534663828393,5.441293631346532
82.21105527638191,2.739534663828393,5.445833201506297
82.31155778894473,2.739534663828393,5.450361644085868
82.41206030150754,2.739534663828393,5.45487922905992
82.51256281407035,2.739534663828393,5.459386413575449
82.61306532663316,2.739534663828393,5.463882689093463
82.71356783919597,2.739534663828393,5.468368055613964
82.8140703517588,2.739534663828393,5.47284251313695
82.91457286432161,2.739534663828393,5.477306061662421
83.01507537688443,2.739534663828393,5.48175870119038
83.11557788944724,2.739534663828393,5.486200431720823
83.21608040201005,2.739534663828393,5.490632019213938
83.31658291457286,2.739534663828393,5.495053062712845
83.41708542713567,2.739534663828393,5.499463420231578
83.51758793969849,2.739534663828393,5.503863091770136
83.61809045226131,2.739534663828393,5.508252077328521
83.71859296482413,2.739534663828393,5.512630376906731
83.81909547738694,2.739534663828393,5.516997990504768
83.91959798994975,2.739534663828393,5.521355112607098
84.02010050251256,2.739534663828393,5.525702073342546
84.12060301507537,2.739534663828393,5.530038572958103
84.22110552763819,2.739534663828393,5.534364632074992
84.321608040201,2.739534663828393,5.538680271314437
84.42211055276383,2.739534663828393,5.542985511297662
84.52261306532664,2.739534663828393,5.547280372645892
84.62311557788945,2.739534663828393,5.5515648759803495
84.72361809045226,2.739534663828393,5.55583904192226
84.82412060301507,2.739534663828393,5.560103013676827
84.92462311557789,2.739534663828393,5.5643568543532504
85.0251256281407,2.739534663828393,5.568600503235643
85.12562814070351,2.739534663828393,5.572833989046894
85.22613065326634,2.739534663828393,5.577057340509892
85.32663316582915,2.739534663828393,5.581270586347525
85.42713567839196,2.739534663828393,5.585473755282681
85.52763819095478,2.739534663828393,5.58966687603825
85.62814070351759,2.739534663828393,5.59384997733712
85.7286432160804,2.739534663828393,5.59802310550041
85.82914572864321,2.739534663828393,5.602186284782461
85.92964824120602,2.739534663828393,5.6063395394099445
86.03015075376885,2.739534663828393,5.610482898925152
86.13065326633166,2.739534663828393,5.6146163928703805
86.23115577889448,2.739534663828393,5.618740050787925
86.33165829145729,2.739534663828393,5.62285390222008
86.4321608040201,2.739534663828393,5.62695797670914
86.53266331658291,2.739534663828393,5.631052303797402
86.63316582914572,2.739534663828393,5.635136814424352
86.73366834170854,2.739534663828393,5.639211606269227
86.83417085427136,2.739534663828393,5.643276713812297
86.93467336683418,2.739534663828393,5.64733216573389
87.03517587939699,2.739534663828393,5.651377990714337
87.1356783919598,2.739534663828393,5.655414217433966
87.23618090452261,2.739534663828393,5.659440874573106
87.33668341708542,2.739534663828393,5.663457990812089
87.43718592964824,2.739534663828393,5.66746559483124
87.53768844221105,2.739534663828393,5.6714637153108916
87.63819095477388,2.739534663828393,5.675452380931372
87.73869346733669,2.739534663828393,5.67943162037301
87.8391959798995,2.739534663828393,5.683401462316135
87.93969849246231,2.739534663828393,5.687361935441077
88.04020100502512,2.739534663828393,5.6913130684281645
88.14070351758794,2.739534663828393,5.695254889957727
88.24120603015075,2.739534663828393,5.699187336658589
88.34170854271358,2.739534663828393,5.703110398756398
88.44221105527639,2.739534663828393,5.7070241980836105
88.5427135678392,2.739534663828393,5.710928761238122
88.64321608040201,2.739534663828393,5.714824114817829
88.74371859296483,2.739534663828393,5.718710285420629
88.84422110552764,2.739534663828393,5.722587299644417
88.94472361809045,2.739534663828393,5.726455184087089
89.04522613065326,2.739534663828393,5.730313965346544
89.14572864321607,2.739534663828393,5.734163670020675
89.2462311557789,2.739534663828393,5.73800432470738
89.34673366834171,2.739534663828393,5.741835956004556
89.44723618090453,2.739534663828393,5.745658590510098
89.54773869346734,2.739534663828393,5.749472254821904
89.64824120603015,2.739534663828393,5.753276975537869
89.74874371859296,2.739534663828393,5.757072779255889
89.84924623115577,2.739534663828393,5.760859692573861
89.9497487437186,2.739534663828393,5.764637556087187
90.05025125628141,2.739534663828393,5.768406549463287
90.15075376884423,2.739534663828393,5.772166697457997
90.25125628140704,2.739534663828393,5.775918024786298
90.35175879396985,2.739534663828393,5.779660556163175
90.45226130653266,2.739534663828393,5.783394316303607
90.55276381909547,2.739534663828393,5.787119329922579
90.65326633165829,2.739534663828393,5.790835621735072
90.7537688442211,2.739534663828393,5.794543216456069
90.85427135678393,2.739534663828393,5.7982421388005525
90.95477386934674,2.739534663828393,5.801932413483504
91.05527638190955,2.739534663828393,5.805614065219906
91.15577889447236,2.739534663828393,5.809287118724742
91.25628140703517,2.739534663828393,5.812951598712994
91.35678391959799,2.739534663828393,5.816607529899643
91.4572864321608,2.739534663828393,5.820254936999673
91.55778894472363,2.739534663828393,5.823893768772542
91.65829145728644,2.739534663828393,5.8275240389292575
91.75879396984925,2.739534663828393,5.831145831981589
91.85929648241206,2.739534663828393,5.834759171135457
91.95979899497488,2.739534663828393,5.838364079596785
92.06030150753769,2.739534663828393,5.841960580571495
92.1608040201005,2.739534663828393,5.84554869726551
92.26130653266331,2.739534663828393,5.849128452884754
92.36180904522612,2.739534663828393,5.852699870635147
92.46231155778895,2.739534663828393,5.856262973722614
92.56281407035176,2.739534663828393,5.8598177853530755
92.66331658291458,2.739534663828393,5.863364328732455
92.76381909547739,2.739534663828393,5.866902627066676
92.8643216080402,2.739534663828393,5.870432703561661
92.96482412060301,2.739534663828393,5.873954581423332
93.06532663316582,2.739534663828393,5.877468283857611
93.16582914572865,2.739534663828393,5.880973826995342
93.26633165829146,2.739534663828393,5.884471122486759
93.36683417085428,2.739534663828393,5.887960290100664
93.46733668341709,2.739534663828393,5.891441351784172
93.5678391959799,2.739534663828393,5.894914329484398
93.66834170854271,2.739534663828393,5.898379245148457
93.76884422110552,2.739534663828393,5.901836120723466
93.86934673366834,2.739534663828393,5.905284978156538
93.96984924623115,2.739534663828393,5.908725839394789
94.07035175879398,2.739534663828393,5.912158726385334
94.17085427135679,2.739534663828393,5.9155836610752885
94.2713567839196,2.739534663828393,5.919000665411768
94.37185929648241,2.739534663828393,5.9224097613418865
94.47236180904522,2.739534663828393,5.925810970812759
94.57286432160804,2.739534663828393,5.929204315771503
94.67336683417085,2.739534663828393,5.932589818165231
94.77386934673368,2.739534663828393,5.935967499941059
94.87437185929649,2.739534663828393,5.939337319483036
94.9748743718593,2.739534663828393,5.942699303246726
95.07537688442211,2.739534663828393,5.946053511924081
95.17587939698493,2.739534663828393,5.949399966337757
95.27638190954774,2.739534663828393,5.9527386873104104
95.37688442211055,2.739534663828393,5.956069695664696
95.47738693467336,2.739534663828393,5.95939301222327
95.57788944723617,2.739534663828393,5.962708657808788
95.678391959799,2.739534663828393,5.966016653243907
95.77889447236181,2.739534663828393,5.969317019351281
95.87939698492463,2.739534663828393,5.972609776953567
95.97989949748744,2.739534663828393,5.97589494687342
96.08040201005025,2.739534663828393,5.979172549933496
96.18090452261306,2.739534663828393,5.982442606956451
96.28140703517587,2.739534663828393,5.985705138764942
96.3819095477387,2.739534663828393,5.988960166181624
96.48241206030151,2.739534663828393,5.992207698190174
96.58291457286433,2.739534663828393,5.995447673803106
96.68341708542714,2.739534663828393,5.998680189102997
96.78391959798995,2.739534663828393,6.001905263867236
96.88442211055276,2.739534663828393,6.005122917873214
96.98492462311557,2.739534663828393,6.008333170898321
97.0854271356784,2.739534663828393,6.011536042719946
97.1859296482412,2.739534663828393,6.014731553115481
97.28643216080403,2.739534663828393,6.017919721862315
97.38693467336684,2.739534663828393,6.021100568737838
97.48743718592965,2.739534663828393,6.02427411351944
97.58793969849246,2.739534663828393,6.027440375984512
97.68844221105527,2.739534663828393,6.030599375910444
97.78894472361809,2.739534663828393,6.033751133074626
97.8894472361809,2.739534663828393,6.036895667254448
97.98994974874373,2.739534663828393,6.040032998227299
98.09045226130654,2.739534663828393,6.0431631457705715
98.19095477386935,2.739534663828393,6.04628608101384
98.29145728643216,2.739534663828393,6.049401834018273
98.39195979899498,2.739534663828393,6.052510446394127
98.49246231155779,2.739534663828393,6.055611936587357
98.5929648241206,2.739534663828393,6.058706323005105
98.69346733668343,2.739534663828393,6.061793624015706
98.79396984924622,2.739534663828393,6.064873857948684
98.89447236180905,2.739534663828393,6.067947043094753
98.99497487437186,2.739534663828393,6.071013197705818
99.09547738693468,2.739534663828393,6.074072339994974
99.19597989949749,2.739534663828393,6.077124488136507
99.2964824120603,2.739534663828393,6.080169660265892
99.39698492462311,2.739534663828393,6.083207874479798
99.49748743718592,2.739534663828393,6.0862391488360785
99.59798994974875,2.739534663828393,6.089263501353783
99.69849246231156,2.739534663828393,6.092280950013149
99.79899497487438,2.739534663828393,6.095291512755602
99.89949748743719,2.739534663828393,6.098295207483763
100.0,2.739534663828393,6.101292052061439
100.10050251256281,2.0731031376501203,6.096782264894469
100.20100502512562,2.0731031376501203,6.092281160214494
100.30150753768844,2.0731031376501203,6.0877897114794175
100.40201005025126,2.0731031376501203,6.0833082709446336
100.50251256281408,2.0731031376501203,6.078836976742145
100.60301507537689,2.0731031376501203,6.074375825291698
100.7035175879397,2.0731031376501203,6.069924853565947
100.80402010050251,2.0731031376501203,6.065484040377843
100.90452261306532,2.0731031376501203,6.061053375417563
101.00502512562814,2.0731031376501203,6.0566327635812085
101.10552763819095,2.0731031376501203,6.052222145988764
101.20603015075378,2.0731031376501203,6.047821621734588
101.30653266331659,2.0731031376501203,6.043431190818682
101.4070351758794,2.0731031376501203,6.039050853241044
101.50753768844221,2.0731031376501203,6.034680609001676
101.60804020100502,2.0731031376501203,6.030320458100576
101.70854271356784,2.0731031376501203,6.025970281645431
101.80904522613065,2.0731031376501203,6.021629833422846
101.90954773869346,2.0731031376501203,6.0172993678190085
102.01005025125629,2.0731031376501203,6.012978884833916
102.1105527638191,2.0731031376501203,6.00866838446757
102.21105527638191,2.0731031376501203,6.00436786671997
102.31155778894473,2.0731031376501203,6.000077331591115
102.41206030150754,2.0731031376501203,5.995796722134191
102.51256281407035,2.0731031376501203,5.991525611410567
102.61306532663316,2.0731031376501203,5.987264354682932
102.71356783919597,2.0731031376501203,5.983012951951286
102.8140703517588,2.0731031376501203,5.978771403215629
102.91457286432161,2.0731031376501203,5.974539708475961
103.01507537688443,2.0731031376501203,5.970317867732282
103.11557788944724,2.0731031376501203,5.966105880984592
103.21608040201005,2.0731031376501203,5.961903229366775
103.31658291457286,2.0731031376501203,5.95771027644794
103.41708542713567,2.0731031376501203,5.953527043714801
103.51758793969849,2.0731031376501203,5.949353531167357
103.61809045226131,2.0731031376501203,5.945189738805609
103.71859296482413,2.0731031376501203,5.941035666629555
103.81909547738694,2.0731031376501203,5.9368913146391975
103.91959798994975,2.0731031376501203,5.932756162877377
104.02010050251256,2.0731031376501203,5.928630425392118
104.12060301507537,2.0731031376501203,5.924514215858016
104.22110552763819,2.0731031376501203,5.920407527529828
104.321608040201,2.0731031376501203,5.916310353662307
104.42211055276383,2.0731031376501203,5.9122226875102095
104.52261306532664,2.0731031376501203,5.90814452232829
104.62311557788945,2.0731031376501203,5.904075851371303
104.72361809045226,2.0731031376501203,5.900016667894006
104.82412060301507,2.0731031376501203,5.8959669651511515
104.92462311557789,2.0731031376501203,5.891926736397496
105.0251256281407,2.0731031376501203,5.887895974887793
105.12562814070351,2.0731031376501203,5.8838746738768
105.22613065326634,2.0731031376501203,5.879862826619271
105.32663316582915,2.0731031376501203,5.875860222005594
105.42713567839196,2.0731031376501203,5.871866606537368
105.52763819095478,2.0731031376501203,5.867882298674478
105.62814070351759,2.0731031376501203,5.86390728369664
105.7286432160804,2.0731031376501203,5.85994154688357
105.82914572864321,2.0731031376501203,5.855985073514984
105.92964824120602,2.0731031376501203,5.852037848870597
106.03015075376885,2.0731031376501203,5.8480998582301265
106.13065326633166,2.0731031376501203,5.844171086873287
106.23115577889448,2.0731031376501203,5.840251520079795
106.33165829145729,2.0731031376501203,5.836341143129365
106.4321608040201,2.0731031376501203,5.832439941301715
106.53266331658291,2.0731031376501203,5.828547899876559
106.63316582914572,2.0731031376501203,5.824665004133615
106.73366834170854,2.0731031376501203,5.820791239352596
106.83417085427136,2.0731031376501203,5.816926355015828
106.93467336683418,2.0731031376501203,5.813070503062947
107.03517587939699,2.0731031376501203,5.8092236831212505
107.1356783919598,2.0731031376501203,5.80538587712058
107.23618090452261,2.0731031376501203,5.801557066990779
107.33668341708542,2.0731031376501203,5.797737234661687
107.43718592964824,2.0731031376501203,5.793926362063147
107.53768844221105,2.0731031376501203,5.790124431125001
107.63819095477388,2.0731031376501203,5.7863314237770895
107.73869346733669,2.0731031376501203,5.782547321949256
107.8391959798995,2.0731031376501203,5.77877210757134
107.93969849246231,2.0731031376501203,5.775005762573186
108.04020100502512,2.0731031376501203,5.771248268884634
108.14070351758794,2.0731031376501203,5.767499608435526
108.24120603015075,2.0731031376501203,5.7637597460477235
108.34170854271358,2.0731031376501203,5.760028657638443
108.44221105527639,2.0731031376501203,5.756306340656221
108.5427135678392,2.0731031376501203,5.75259277655349
108.64321608040201,2.0731031376501203,5.748887946782684
108.74371859296483,2.0731031376501203,5.745191832796237
108.84422110552764,2.0731031376501203,5.741504416046582
108.94472361809045,2.0731031376501203,5.737825677986153
109.04522613065326,2.0731031376501203,5.734155600067385
109.14572864321607,2.0731031376501203,5.730494163742709
109.2462311557789,2.0731031376501203,5.726841350464562
109.34673366834171,2.0731031376501203,5.723197141685374
109.44723618090453,2.0731031376501203,5.719561518857583
109.54773869346734,2.0731031376501203,5.715934463433619
109.64824120603015,2.0731031376501203,5.712315958922804
109.74874371859296,2.0731031376501203,5.70870602190701
109.84924623115577,2.0731031376501203,5.7051046044774
109.9497487437186,2.0731031376501203,5.701511688591551
110.05025125628141,2.0731031376501203,5.697927256207038
110.15075376884423,2.0731031376501203,5.694351289281436
110.25125628140704,2.0731031376501203,5.690783769772324
110.35175879396985,2.0731031376501203,5.687224679637275
110.45226130653266,2.0731031376501203,5.683674000833865
110.55276381909547,2.0731031376501203,5.680131715319672
110.65326633165829,2.0731031376501203,5.676597805052269
110.7537688442211,2.0731031376501203,5.673072251989235
110.85427135678393,2.0731031376501203,5.669555038088144
110.95477386934674,2.0731031376501203,5.666046145306573
111.05527638190955,2.0731031376501203,5.6625455556020965
111.15577889447236,2.0731031376501203,5.659053278979195
111.25628140703517,2.0731031376501203,5.655569293593995
111.35678391959799,2.0731031376501203,5.652093566882656
111.4572864321608,2.0731031376501203,5.648626081408299
111.55778894472363,2.0731031376501203,5.645166819734046
111.65829145728644,2.0731031376501203,5.64171576442302
111.75879396984925,2.0731031376501203,5.638272898038342
111.85929648241206,2.0731031376501203,5.6348382031431345
111.95979899497488,2.0731031376501203,5.63141166230052
112.06030150753769,2.0731031376501203,5.62799325807362
112.1608040201005,2.0731031376501203,5.624582973025558
112.26130653266331,2.0731031376501203,5.621180789719454
112.36180904522612,2.0731031376501203,5.6177866907184315
112.46231155778895,2.0731031376501203,5.614400658585612
112.56281407035176,2.0731031376501203,5.61102268493658
112.66331658291458,2.0731031376501203,5.607652786857554
112.76381909547739,2.0731031376501203,5.604290913497849
112.8643216080402,2.0731031376501203,5.600937048037302
112.96482412060301,2.0731031376501203,5.597591173652184
113.06532663316582,2.0731031376501203,5.594253273515196
113.16582914572865,2.0731031376501203,5.590923330795474
113.26633165829146,2.0731031376501203,5.587601328658584
113.36683417085428,2.0731031376501203,5.584287250266526
113.46733668341709,2.0731031376501203,5.5809810787777305
113.5678391959799,2.0731031376501203,5.577682797347061
113.66834170854271,2.0731031376501203,5.574392389125812
113.76884422110552,2.0731031376501203,5.571109837261712
113.86934673366834,2.0731031376501203,5.567835124898922
113.96984924623115,2.0731031376501203,5.564568235178032
114.07035175879398,2.0731031376501203,5.561309151236067
114.17085427135679,2.0731031376501203,5.558057856206484
114.2713567839196,2.0731031376501203,5.554814333219171
114.37185929648241,2.0731031376501203,5.551578565400449
114.47236180904522,2.0731031376501203,5.548350535873071
114.57286432160804,2.0731031376501203,5.545130227756221
114.67336683417085,2.0731031376501203,5.541917624165518
114.77386934673368,2.0731031376501203,5.538712708213011
114.87437185929649,2.0731031376501203,5.53551546300718
114.9748743718593,2.0731031376501203,5.532325871652941
115.07537688442211,2.0731031376501203,5.5291439172516395
115.17587939698493,2.0731031376501203,5.525969585146085
115.27638190954774,2.0731031376501203,5.522802930557662
115.37688442211055,2.0731031376501203,5.519643873098499
115.47738693467336,2.0731031376501203,5.516492396521981
115.57788944723617,2.0731031376501203,5.513348484592459
115.678391959799,2.0731031376501203,5.5102121210852495
115.77889447236181,2.0731031376501203,5.507083289786633
115.87939698492463,2.0731031376501203,5.5039619744938575
115.97989949748744,2.0731031376501203,5.500848159015137
116.08040201005025,2.0731031376501203,5.49774182716965
116.18090452261306,2.0731031376501203,5.494642962787543
116.28140703517587,2.0731031376501203,5.491551549709927
116.3819095477387,2.0731031376501203,5.4884675717888785
116.48241206030151,2.0731031376501203,5.48539101288744
116.58291457286433,2.0731031376501203,5.482321856879621
116.68341708542714,2.0731031376501203,5.479260087650395
116.78391959798995,2.0731031376501203,5.476205689095704
116.88442211055276,2.0731031376501203,5.473158645122453
116.98492462311557,2.0731031376501203,5.470118939648515
117.0854271356784,2.0731031376501203,5.467086556602727
117.1859296482412,2.0731031376501203,5.464061479924892
117.28643216080403,2.0731031376501203,5.461043693565782
117.38693467336684,2.0731031376501203,5.458033181487131
117.48743718592965,2.0731031376501203,5.45502992766164
117.58793969849246,2.0731031376501203,5.452033916072977
117.68844221105527,2.0731031376501203,5.449045130715774
117.78894472361809,2.0731031376501203,5.446063555595631
117.8894472361809,2.0731031376501203,5.4430892122231125
117.98994974874373,2.0731031376501203,5.440122059207727
118.09045226130654,2.0731031376501203,5.437162075916373
118.19095477386935,2.0731031376501203,5.434209246929457
118.29145728643216,2.0731031376501203,5.431263556854478
118.39195979899498,2.0731031376501203,5.428324990326021
118.49246231155779,2.0731031376501203,5.425393532005761
118.5929648241206,2.0731031376501203,5.422469166582463
118.69346733668343,2.0731031376501203,5.41955187877198
118.79396984924622,2.0731031376501203,5.416641653317256
118.89447236180905,2.0731031376501203,5.413738474988322
118.99497487437186,2.0731031376501203,5.4108423285823
119.09547738693468,2.0731031376501203,5.407953198923399
119.19597989949749,2.0731031376501203,5.405071070862919
119.2964824120603,2.0731031376501203,5.402195929279249
119.39698492462311,2.0731031376501203,5.399327759077867
119.49748743718592,2.0731031376501203,5.396466545191339
119.59798994974875,2.0731031376501203,5.393612272579323
119.69849246231156,2.0731031376501203,5.390764926228561
119.79899497487438,2.0731031376501203,5.387924491152891
119.89949748743719,2.0731031376501203,5.385090952393234
120.0,2.0731031376501203,5.382264295017604
120.10050251256281,1.9986889163221566,5.378609212050888
120.20100502512562,1.9986889163221566,5.37496161431933
120.30150753768844,1.9986889163221566,5.371322343746843
120.40201005025126,1.9986889163221566,5.367691704608458
120.50251256281408,1.9986889163221566,5.364069805550117
120.60301507537689,1.9986889163221566,5.360456656859448
120.7035175879397,1.9986889163221566,5.356852275389765
120.80402010050251,1.9986889163221566,5.353256650814186
120.90452261306532,1.9986889163221566,5.349669772733298
121.00502512562814,1.9986889163221566,5.346091562342162
121.10552763819095,1.9986889163221566,5.342521914538298
121.20603015075378,1.9986889163221566,5.338960956516568
121.30653266331659,1.9986889163221566,5.3354086882769725
121.4070351758794,1.9986889163221566,5.3318651098195105
121.50753768844221,1.9986889163221566,5.328330221144181
121.60804020100502,1.9986889163221566,5.324804022250987
121.70854271356784,1.9986889163221566,5.321286513139926
121.80904522613065,1.9986889163221566,5.3177773300056685
121.90954773869346,1.9986889163221566,5.31427664049012
122.01005025125629,1.9986889163221566,5.310784530309637
122.1105527638191,1.9986889163221566,5.307300999464221
122.21105527638191,1.9986889163221566,5.30382604795387
122.31155778894473,1.9986889163221566,5.300359675778586
122.41206030150754,1.9986889163221566,5.296901882938368
122.51256281407035,1.9986889163221566,5.293452556990756
122.61306532663316,1.9986889163221566,5.290011348273776
122.71356783919597,1.9986889163221566,5.286578591432572
122.8140703517588,1.9986889163221566,5.283154286467144
122.91457286432161,1.9986889163221566,5.279738433377492
123.01507537688443,1.9986889163221566,5.2763310321636165
123.11557788944724,1.9986889163221566,5.272932082825517
123.21608040201005,1.9986889163221566,5.269541585363194
123.31658291457286,1.9986889163221566,5.266159178731064
123.41708542713567,1.9986889163221566,5.262784931471422
123.51758793969849,1.9986889163221566,5.259419003933594
123.61809045226131,1.9986889163221566,5.256061396117581
123.71859296482413,1.9986889163221566,5.252712108023382
123.81909547738694,1.9986889163221566,5.249371139650997
123.91959798994975,1.9986889163221566,5.246038491000427
124.02010050251256,1.9986889163221566,5.242714101189644
124.12060301507537,1.9986889163221566,5.239397397867731
124.22110552763819,1.9986889163221566,5.236088834586691
124.321608040201,1.9986889163221566,5.2327884047380415
124.42211055276383,1.9986889163221566,5.229496101713303
124.52261306532664,1.9986889163221566,5.226211918903994
124.62311557788945,1.9986889163221566,5.222935849701634
124.72361809045226,1.9986889163221566,5.219667887497742
124.82412060301507,1.9986889163221566,5.216408025683838
124.92462311557789,1.9986889163221566,5.213156257651439
125.0251256281407,1.9986889163221566,5.2099125767920675
125.12562814070351,1.9986889163221566,5.20667697649724
125.22613065326634,1.9986889163221566,5.203449450158478
125.32663316582915,1.9986889163221566,5.200229991167299
125.42713567839196,1.9986889163221566,5.197018592915223
125.52763819095478,1.9986889163221566,5.19381504900206
125.62814070351759,1.9986889163221566,5.190619130443749
125.7286432160804,1.9986889163221566,5.187431135749747
125.82914572864321,1.9986889163221566,5.18425105104227
125.92964824120602,1.9986889163221566,5.181078862443531
126.03015075376885,1.9986889163221566,5.177914556075748
126.13065326633166,1.9986889163221566,5.174758118061135
126.23115577889448,1.9986889163221566,5.171609534521907
126.33165829145729,1.9986889163221566,5.168468791580279
126.4321608040201,1.9986889163221566,5.165335875358467
126.53266331658291,1.9986889163221566,5.162210771978686
126.63316582914572,1.9986889163221566,5.159093467563152
126.73366834170854,1.9986889163221566,5.155983948234079
126.83417085427136,1.9986889163221566,5.152882200113683
126.93467336683418,1.9986889163221566,5.1497882093241785
127.03517587939699,1.9986889163221566,5.146701819363665
127.1356783919598,1.9986889163221566,5.143623038169028
127.23618090452261,1.9986889163221566,5.1405519246159015
127.33668341708542,1.9986889163221566,5.13748846189016
127.43718592964824,1.9986889163221566,5.134432633177681
127.53768844221105,1.9986889163221566,5.13138442166434
127.63819095477388,1.9986889163221566,5.128343810536012
127.73869346733669,1.9986889163221566,5.1253107829785725
127.8391959798995,1.9986889163221566,5.122285322177898
127.93969849246231,1.9986889163221566,5.119267411319865
128.04020100502512,1.9986889163221566,5.116257033590348
128.14070351758795,1.9986889163221566,5.113254172175224
128.24120603015075,1.9986889163221566,5.110258810260368
128.34170854271358,1.9986889163221566,5.107270931031655
128.44221105527637,1.9986889163221566,5.104290517674962
128.5427135678392,1.9986889163221566,5.1013175306932155
128.643216080402,1.9986889163221566,5.098351968512526
128.74371859296483,1.9986889163221566,5.095393816428382
128.84422110552765,1.9986889163221566,5.092443057305969
128.94472361809045,1.9986889163221566,5.089499674010472
129.04522613065328,1.9986889163221566,5.0865636494070765
129.14572864321607,1.9986889163221566,5.083634966360968
129.2462311557789,1.9986889163221566,5.080713607737331
129.3467336683417,1.9986889163221566,5.077799556401352
129.44723618090453,1.9986889163221566,5.074892795218216
129.54773869346735,1.9986889163221566,5.071993307053108
129.64824120603015,1.9986889163221566,5.069101074771215
129.74874371859298,1.9986889163221566,5.06621608123772
129.84924623115577,1.9986889163221566,5.06333830931781
129.9497487437186,1.9986889163221566,5.060467754639351
130.0502512562814,1.9986889163221566,5.057604462683802
130.15075376884423,1.9986889163221566,5.054748354174958
130.25125628140702,1.9986889163221566,5.051899412378317
130.35175879396985,1.9986889163221566,5.0490576205593785
130.45226130653268,1.9986889163221566,5.0462229619836405
130.55276381909547,1.9986889163221566,5.043395419916601
130.6532663316583,1.9986889163221566,5.040574977623761
130.7537688442211,1.9986889163221566,5.037761618370617
130.85427135678393,1.9986889163221566,5.034955325422668
130.95477386934672,1.9986889163221566,5.032156082045414
131.05527638190955,1.9986889163221566,5.029363871504351
131.15577889447235,1.9986889163221566,5.026578677064981
131.25628140703517,1.9986889163221566,5.0238004819928
131.356783919598,1.9986889163221566,5.021029269553307
131.4572864321608,1.9986889163221566,5.0182650230120025
131.55778894472363,1.9986889163221566,5.015507725634383
131.65829145728642,1.9986889163221566,5.012757360685949
131.75879396984925,1.9986889163221566,5.010013911432197
131.85929648241205,1.9986889163221566,5.007277361138628
131.95979899497488,1.9986889163221566,5.004547693070739
132.0603015075377,1.9986889163221566,5.00182489049403
132.1608040201005,1.9986889163221566,4.999108936673998
132.26130653266333,1.9986889163221566,4.996399816081633
132.36180904522612,1.9986889163221566,4.993697663349067
132.46231155778895,1.9986889163221566,4.991002328662936
132.56281407035175,1.9986889163221566,4.988313796095636
132.66331658291458,1.9986889163221566,4.985632049719563
132.7638190954774,1.9986889163221566,4.982957073607116
132.8643216080402,1.9986889163221566,4.98028885183069
132.96482412060303,1.9986889163221566,4.977627368462683
133.06532663316582,1.9986889163221566,4.9749726075754905
133.16582914572865,1.9986889163221566,4.972324553241512
133.26633165829145,1.9986889163221566,4.969683189533141
133.36683417085428,1.9986889163221566,4.967048500522777
133.46733668341707,1.9986889163221566,4.964420470282816
133.5678391959799,1.9986889163221566,4.961799082885655
133.66834170854273,1.9986889163221566,4.959184322403691
133.76884422110552,1.9986889163221566,4.956576172909321
133.86934673366835,1.9986889163221566,4.953974618474942
133.96984924623115,1.9986889163221566,4.95137964317295
134.07035175879398,1.9986889163221566,4.9487912310757425
134.17085427135677,1.9986889163221566,4.946209366255717
134.2713567839196,1.9986889163221566,4.943634032785269
134.3718592964824,1.9986889163221566,4.941065214736796
134.47236180904522,1.9986889163221566,4.938502896182697
134.57286432160805,1.9986889163221566,4.935947061195366
134.67336683417085,1.9986889163221566,4.933397817890216
134.77386934673368,1.9986889163221566,4.930855063866263
134.87437185929647,1.9986889163221566,4.928318764776387
134.9748743718593,1.9986889163221566,4.925788905458736
135.0753768844221,1.9986889163221566,4.923265470751454
135.17587939698493,1.9986889163221566,4.920748445492687
135.27638190954775,1.9986889163221566,4.91823781452058
135.37688442211055,1.9986889163221566,4.91573356267328
135.47738693467338,1.9986889163221566,4.913235674788932
135.57788944723617,1.9986889163221566,4.910744135705681
135.678391959799,1.9986889163221566,4.908258930261672
135.7788944723618,1.9986889163221566,4.905780043295053
135.87939698492463,1.9986889163221566,4.903307459643968
135.97989949748745,1.9986889163221566,4.900841164146563
136.08040201005025,1.9986889163221566,4.898381141640983
136.18090452261308,1.9986889163221566,4.895927376965375
136.28140703517587,1.9986889163221566,4.893479854957883
136.3819095477387,1.9986889163221566,4.891038560456654
136.4824120603015,1.9986889163221566,4.888603478299832
136.58291457286433,1.9986889163221566,4.886174593325565
136.68341708542715,1.9986889163221566,4.883751890371997
136.78391959798995,1.9986889163221566,4.881335354277273
136.88442211055278,1.9986889163221566,4.87892496987954
136.98492462311557,1.9986889163221566,4.87652081051097
137.0854271356784,1.9986889163221566,4.874122822589888
137.1859296482412,1.9986889163221566,4.871730957489551
137.28643216080403,1.9986889163221566,4.869345200716262
137.38693467336682,1.9986889163221566,4.866965537776321
137.48743718592965,1.9986889163221566,4.8645919541760305
137.58793969849245,1.9986889163221566,4.86222443542169
137.68844221105527,1.9986889163221566,4.859862967019603
137.7889447236181,1.9986889163221566,4.85750753447607
137.8894472361809,1.9986889163221566,4.855158123297391
137.98994974874373,1.9986889163221566,4.85281471898987
138.09045226130652,1.9986889163221566,4.850477307059806
138.19095477386935,1.9986889163221566,4.848145873013501
138.29145728643215,1.9986889163221566,4.8458204023572575
138.39195979899498,1.9986889163221566,4.843500880597375
138.4924623115578,1.9986889163221566,4.841187293240157
138.5929648241206,1.9986889163221566,4.838879625791903
138.69346733668343,1.9986889163221566,4.836577863758914
138.79396984924622,1.9986889163221566,4.834281992647494
138.89447236180905,1.9986889163221566,4.831991997963942
138.99497487437185,1.9986889163221566,4.8297078652145595
139.09547738693468,1.9986889163221566,4.827429579905649
139.1959798994975,1.9986889163221566,4.825157127543511
139.2964824120603,1.9986889163221566,4.822890507405261
139.39698492462313,1.9986889163221566,4.820629710545021
139.49748743718592,1.9986889163221566,4.818374714885175
139.59798994974875,1.9986889163221566,4.816125506994321
139.69849246231155,1.9986889163221566,4.813882073441054
139.79899497487438,1.9986889163221566,4.81164440079397
139.8994974874372,1.9986889163221566,4.809412475621666
140.0,1.9986889163221566,4.807186284492737
140.10050251256283,0.5417970667206398,4.788570824460685
140.20100502512562,0.5417970667206398,4.769999934066793
140.30150753768845,0.5417970667206398,4.751476531034638
140.40201005025125,0.5417970667206398,4.733000942265379
140.50251256281408,0.5417970667206398,4.7145732012329855
140.60301507537687,0.5417970667206398,4.6961932524492696
140.7035175879397,0.5417970667206398,4.677861004889599
140.80402010050253,0.5417970667206398,4.659576519846854
140.90452261306532,0.5417970667206398,4.641339797321034
141.00502512562815,0.5417970667206398,4.623150837312141
141.10552763819095,0.5417970667206398,4.605009263649733
141.20603015075378,0.5417970667206398,4.586915176610628
141.30653266331657,0.5417970667206398,4.568868716832499
141.4070351758794,0.5417970667206398,4.550869884315348
141.5075376884422,0.5417970667206398,4.532918679059173
141.60804020100502,0.5417970667206398,4.515015101063975
141.70854271356785,0.5417970667206398,4.497159150329755
141.80904522613065,0.5417970667206398,4.479350471939194
141.90954773869348,0.5417970667206398,4.461588856579214
142.01005025125627,0.5417970667206398,4.443874667787
142.1105527638191,0.5417970667206398,4.426207905562554
142.2110552763819,0.5417970667206398,4.408588569905874
142.31155778894473,0.5417970667206398,4.391016660816962
142.41206030150755,0.5417970667206398,4.373492178295816
142.51256281407035,0.5417970667206398,4.3560149380178705
142.61306532663318,0.5417970667206398,4.338584325990373
142.71356783919597,0.5417970667206398,4.321200914051016
142.8140703517588,0.5417970667206398,4.303864702199799
142.9145728643216,0.5417970667206398,4.28657569043672
143.01507537688443,0.5417970667206398,4.269333878761782
143.11557788944722,0.5417970667206398,4.252139267174983
143.21608040201005,0.5417970667206398,4.234991855676324
143.31658291457288,0.5417970667206398,4.217890685173336
143.41708542713567,0.5417970667206398,4.200836456156644
143.5175879396985,0.5417970667206398,4.183829188355158
143.6180904522613,0.5417970667206398,4.16686888176888
143.71859296482413,0.5417970667206398,4.149955536397808
143.81909547738692,0.5417970667206398,4.1330891522419435
143.91959798994975,0.5417970667206398,4.116269729301285
144.02010050251258,0.5417970667206398,4.099496542339685
144.12060301507537,0.5417970667206398,4.082769842038911
144.2211055276382,0.5417970667206398,4.066089855908308
144.321608040201,0.5417970667206398,4.049456583947874
144.42211055276383,0.5417970667206398,4.03287002615761
144.52261306532662,0.5417970667206398,4.0163301825375175
144.62311557788945,0.5417970667206398,3.999837053087594
144.72361809045225,0.5417970667206398,3.9833901517915424
144.82412060301507,0.5417970667206398,3.966989278899753
144.9246231155779,0.5417970667206398,3.950634866296494
145.0251256281407,0.5417970667206398,3.934326913981766
145.12562814070353,0.5417970667206398,3.9180654219555677
145.22613065326632,0.5417970667206398,3.9018503902179
145.32663316582915,0.5417970667206398,3.8856818187687625
145.42713567839195,0.5417970667206398,3.8695595727399827
145.52763819095478,0.5417970667206398,3.8534832484928603
145.6281407035176,0.5417970667206398,3.837453135517904
145.7286432160804,0.5417970667206398,3.8214692038884905
145.82914572864323,0.5417970667206398,3.805531423677998
145.92964824120602,0.5417970667206398,3.789639764959803
146.03015075376885,0.5417970667206398,3.7737941978072835
146.13065326633165,0.5417970667206398,3.7579946696154605
146.23115577889448,0.5417970667206398,3.7422409893697934
146.33165829145727,0.5417970667206398,3.7265332322448503
146.4321608040201,0.5417970667206398,3.7108713587832565
146.53266331658293,0.5417970667206398,3.6952553295276385
146.63316582914572,0.5417970667206398,3.679685105020621
146.73366834170855,0.5417970667206398,3.66416064580483
146.83417085427135,0.5417970667206398,3.648681912058662
146.93467336683418,0.5417970667206398,3.6332488428654792
147.03517587939697,0.5417970667206398,3.6178614118955217
147.1356783919598,0.5417970667206398,3.6025195786227266
147.23618090452263,0.5417970667206398,3.587223302521031
147.33668341708542,0.5417970667206398,3.571972543064372
147.43718592964825,0.5417970667206398,3.5567672597266853
147.53768844221105,0.5417970667206398,3.5416074119819085
147.63819095477388,0.5417970667206398,3.52649297748319
147.73869346733667,0.5417970667206398,3.511423904980508
147.8391959798995,0.5417970667206398,3.496400152527898
147.9396984924623,0.5417970667206398,3.48142167985501
148.04020100502512,0.5417970667206398,3.4664884466914936
148.14070351758795,0.5417970667206398,3.4516004127669984
148.24120603015075,0.5417970667206398,3.436757537811174
148.34170854271358,0.5417970667206398,3.4219597815536695
148.44221105527637,0.5417970667206398,3.4072071037241356
148.5427135678392,0.5417970667206398,3.3924994640522206
148.643216080402,0.5417970667206398,3.377836822267575
148.74371859296483,0.5417970667206398,3.3632191380998484
148.84422110552765,0.5417970667206398,3.3486463712786896
148.94472361809045,0.5417970667206398,3.3341184413305456
149.04522613065328,0.5417970667206398,3.3196353277659374
149.14572864321607,0.5417970667206398,3.305197001159931
149.2462311557789,0.5417970667206398,3.290803420897136
149.3467336683417,0.5417970667206398,3.276454546362163
149.44723618090453,0.5417970667206398,3.26215033693962
149.54773869346735,0.5417970667206398,3.2478907520141167
149.64824120603015,0.5417970667206398,3.233675750970263
149.74874371859298,0.5417970667206398,3.219505293192668
149.84924623115577,0.5417970667206398,3.205379338065942
149.9497487437186,0.5417970667206398,3.1912978449746934
150.0502512562814,0.5417970667206398,3.1772607733035323
150.15075376884423,0.5417970667206398,3.163268082437068
150.25125628140702,0.5417970667206398,3.1493197317599098
150.35175879396985,0.5417970667206398,3.135415680656667
150.45226130653268,0.5417970667206398,3.1215558885119497
150.55276381909547,0.5417970667206398,3.107740314710367
150.6532663316583,0.5417970667206398,3.093968918636528
150.7537688442211,0.5417970667206398,3.0802416596750426
150.85427135678393,0.5417970667206398,3.0665584853032417
150.95477386934672,0.5417970667206398,3.052919122652133
151.05527638190955,0.5417970667206398,3.0393237374513156
151.15577889447235,0.5417970667206398,3.025772287264398
151.25628140703517,0.5417970667206398,3.0122647296549885
151.356783919598,0.5417970667206398,2.9988010221866954
151.4572864321608,0.5417970667206398,2.985381122423128
151.55778894472363,0.5417970667206398,2.972004987927894
151.65829145728642,0.5417970667206398,2.958672576264602
151.75879396984925,0.5417970667206398,2.9453838449968606
151.85929648241205,0.5417970667206398,2.9321387516882784
151.95979899497488,0.5417970667206398,2.918937253902464
152.0603015075377,0.5417970667206398,2.9057793092030257
152.1608040201005,0.5417970667206398,2.8926648751535717
152.26130653266333,0.5417970667206398,2.879593909317711
152.36180904522612,0.5417970667206398,2.8665663692590524
152.46231155778895,0.5417970667206398,2.8535822125412036
152.56281407035175,0.5417970667206398,2.840641396727773
152.66331658291458,0.5417970667206398,2.82774387938237
152.7638190954774,0.5417970667206398,2.8148896180686025
152.8643216080402,0.5417970667206398,2.8020785073372405
152.96482412060303,0.5417970667206398,2.789310412905222
153.06532663316582,0.5417970667206398,2.776585400630952
153.16582914572865,0.5417970667206398,2.7639034245184746
153.26633165829145,0.5417970667206398,2.751264438571836
153.36683417085428,0.5417970667206398,2.738668396795081
153.46733668341707,0.5417970667206398,2.726115253192254
153.5678391959799,0.5417970667206398,2.7136049617674005
153.66834170854273,0.5417970667206398,2.701137476524566
153.76884422110552,0.5417970667206398,2.6887127514677953
153.86934673366835,0.5417970667206398,2.676330740601133
153.96984924623115,0.5417970667206398,2.6639913979286245
154.07035175879398,0.5417970667206398,2.651694677454315
154.17085427135677,0.5417970667206398,2.639440421168938
154.2713567839196,0.5417970667206398,2.6272286471363366
154.3718592964824,0.5417970667206398,2.615059324445866
154.47236180904522,0.5417970667206398,2.6029324048085485
154.57286432160805,0.5417970667206398,2.590847839935405
154.67336683417085,0.5417970667206398,2.578805581537456
154.77386934673368,0.5417970667206398,2.566805581325724
154.87437185929647,0.5417970667206398,2.5548477910112304
154.9748743718593,0.5417970667206398,2.5429321623049956
155.0753768844221,0.5417970667206398,2.531058646918042
155.17587939698493,0.5417970667206398,2.5192271965613906
155.27638190954775,0.5417970667206398,2.5074377629460627
155.37688442211055,0.5417970667206398,2.4956902576866233
155.47738693467338,0.5417970667206398,2.4839845860798486
155.57788944723617,0.5417970667206398,2.4723207586005285
155.678391959799,0.5417970667206398,2.4606987249565035
155.7788944723618,0.5417970667206398,2.449118434855615
155.87939698492463,0.5417970667206398,2.437579838005703
155.97989949748745,0.5417970667206398,2.4260828841146087
156.08040201005025,0.5417970667206398,2.4146275228901732
156.18090452261308,0.5417970667206398,2.4032137040402373
156.28140703517587,0.5417970667206398,2.391841377272641
156.3819095477387,0.5417970667206398,2.380510492295226
156.4824120603015,0.5417970667206398,2.3692209988158326
156.58291457286433,0.5417970667206398,2.357972846542302
156.68341708542715,0.5417970667206398,2.3467658578458765
156.78391959798995,0.5417970667206398,2.3356000612865198
156.88442211055278,0.5417970667206398,2.3244754183625487
156.98492462311557,0.5417970667206398,2.313391876054709
157.0854271356784,0.5417970667206398,2.302349381323543
157.1859296482412,0.5417970667206398,2.2913478811093904
157.28643216080403,0.5417970667206398,2.2803873223323894
157.38693467336682,0.5417970667206398,2.2694676518924757
157.48743718592965,0.5417970667206398,2.258588816669382
157.58793969849245,0.5417970667206398,2.24775076352264
157.68844221105527,0.5417970667206398,2.236953439291578
157.7889447236181,0.5417970667206398,2.226196790795322
157.8894472361809,0.5417970667206398,2.215480764832796
157.98994974874373,0.5417970667206398,2.2048053081827224
158.09045226130652,0.5417970667206398,2.1941703676036193
158.19095477386935,0.5417970667206398,2.183575889833805
158.29145728643215,0.5417970667206398,2.173021821591393
158.39195979899498,0.5417970667206398,2.162508109574297
158.4924623115578,0.5417970667206398,2.1520347004602263
158.5929648241206,0.5417970667206398,2.1416014782250246
158.69346733668343,0.5417970667206398,2.1312083659755747
158.79396984924622,0.5417970667206398,2.120855363143317
158.89447236180905,0.5417970667206398,2.1105424127094246
158.99497487437185,0.5417970667206398,2.1002694574686975
159.09547738693468,0.5417970667206398,2.090036440029561
159.1959798994975,0.5417970667206398,2.0798433028140644
159.2964824120603,0.5417970667206398,2.069689988057884
159.39698492462313,0.5417970667206398,2.0595764378103203
159.49748743718592,0.5417970667206398,2.049502593934298
159.59798994974875,0.5417970667206398,2.03946839810637
159.69849246231155,0.5417970667206398,2.0294737918167107
159.79899497487438,0.5417970667206398,2.0195187163691233
159.8994974874372,0.5417970667206398,2.0096031128810328
160.0,0.5417970667206398,1.9997269222834928
